site_id,price_cpl,reported_at,name,latitude,longitude,brand_id,postcode,region,state,scraped_at
61477097,254.9,2026-09-08T00:34:40.127,Amity Point General Dealers,-27.398476,153.438513,5094,4183,North,QLD,2026-09-18 15:24:48
61478128,279.6,2026-09-11T01:49:26.243,5 Star MacLeay Island,-27.62048677751147,153.3621236122684,12,4184,South,QLD,2026-09-18 15:24:48
61478183,272.9,2026-09-14T01:15:52,Russell Island General Store,-27.652115,153.380712,12,4184,South,QLD,2026-09-18 15:24:48
61401761,232.9,2026-09-15T20:15:33.21,Shell Reddy Express Birkdale,-27.493146,153.216292,3421193,4159,South,QLD,2026-09-18 15:24:48
61477940,223.9,2026-09-15T22:35:39.463,United Sunnybank Hills,-27.590552,153.065192,23,4109,South,QLD,2026-09-18 15:24:48
61401431,231.9,2026-09-16T00:45:05.133,NightOwl BP Salisbury,-27.545888,153.038591,5,4107,South,QLD,2026-09-18 15:24:48
61401718,215.7,2026-09-16T07:20:47.39,Moorooka Servo,-27.545176,153.020003,86,4105,South,QLD,2026-09-18 15:24:48
61401929,234.9,2026-09-16T20:00:49.37,Shell Reddy Express Belmont (Qld),-27.499187,153.126507,3421193,4153,South,QLD,2026-09-18 15:24:48
61401138,239.9,2026-09-16T20:00:49.37,Shell Reddy Express Camp Hill,-27.492781,153.082664,3421193,4152,South,QLD,2026-09-18 15:24:48
61401148,220.9,2026-09-16T20:00:49.37,Shell Reddy Express Cannon Hill,-27.471389,153.095619,3421193,4170,South,QLD,2026-09-18 15:24:48
61401945,235.9,2026-09-16T20:00:49.37,Shell Reddy Express Breakfast Creek,-27.446338,153.042061,3421193,4006,North,QLD,2026-09-18 15:24:48
61401149,220.9,2026-09-16T20:00:49.37,Shell Reddy Express Tingalpa,-27.474597374792506,153.12096549570083,3421193,4173,South,QLD,2026-09-18 15:24:48
61477739,239.9,2026-09-16T20:00:49.37,Shell Reddy Express Booval,-27.613345,152.784396,3421193,4304,South,QLD,2026-09-18 15:24:48
61401234,237.9,2026-09-16T20:00:49.37,Shell Reddy Express Clontarf,-27.257355,153.086063,3421193,4019,North,QLD,2026-09-18 15:24:48
61401753,240.9,2026-09-16T20:00:49.37,Shell Reddy Express Goodna,-27.600625,152.883996,3421193,4300,South,QLD,2026-09-18 15:24:48
61477145,240.9,2026-09-16T20:00:49.37,Shell Reddy Express Springfield Orion,-27.676267,152.900674,3421193,4300,South,QLD,2026-09-18 15:24:48
61401779,231.9,2026-09-16T20:00:49.37,Shell Reddy Express Cleveland,-27.535062,153.266974,3421193,4163,South,QLD,2026-09-18 15:24:48
61401554,233.9,2026-09-16T20:00:49.37,Shell Reddy Express Holland Park,-27.526712,153.055956,3421193,4121,South,QLD,2026-09-18 15:24:48
61401393,240.9,2026-09-16T20:00:49.37,Shell Reddy Express Milton,-27.473913230061896,153.00392841104505,3421193,4064,South,QLD,2026-09-18 15:24:48
61401398,237.9,2026-09-16T20:00:49.37,Shell Reddy Express Mount Gravatt,-27.542090460066003,153.082005,3421193,4122,South,QLD,2026-09-18 15:24:48
61401426,229.9,2026-09-16T20:00:49.37,Shell Reddy Express Granard Rd,-27.558051,153.015628,3421193,4106,South,QLD,2026-09-18 15:24:48
61401438,231.9,2026-09-16T20:00:49.37,Shell Reddy Express Sunnybank,-27.575889,153.062992,3421193,4109,South,QLD,2026-09-18 15:24:48
61401480,235.9,2026-09-16T20:00:49.37,Shell Reddy Express Daisy Hill,-27.644857,153.153469,3421193,4127,South,QLD,2026-09-18 15:24:48
61401517,229.9,2026-09-16T20:00:49.37,Shell Reddy Express Loganholme,-27.663192,153.177483,3421193,4129,South,QLD,2026-09-18 15:24:48
61401534,235.9,2026-09-16T20:00:49.37,Shell Reddy Express Rochedale,-27.595573,153.121562,3421193,4123,South,QLD,2026-09-18 15:24:48
61401569,235.9,2026-09-16T20:00:49.37,Shell Reddy Express Marsden,-27.680743,153.092073,3421193,4132,South,QLD,2026-09-18 15:24:48
61401910,237.9,2026-09-16T20:00:49.37,Shell Reddy Express Runcorn,-27.610975,153.067873,3421193,4113,South,QLD,2026-09-18 15:24:48
61401172,239.9,2026-09-16T20:00:49.37,Shell Reddy Express Taringa,-27.491609,152.994039,3421193,4067,South,QLD,2026-09-18 15:24:48
61401170,239.9,2026-09-16T20:00:49.37,Shell Reddy Express Chapel Hill,-27.504769592318205,152.96077843320464,3421193,4069,South,QLD,2026-09-18 15:24:48
61401866,233.9,2026-09-16T20:00:49.37,Shell Reddy Express Morayfield,-27.098137,152.94905576686477,3421193,4506,North,QLD,2026-09-18 15:24:48
61402436,237.9,2026-09-16T20:00:49.37,Shell Reddy Express Nudgee,-27.377999608392884,153.093891,3421193,4014,North,QLD,2026-09-18 15:24:48
61402093,240.9,2026-09-16T20:00:49.37,Shell Reddy Express Loganlea,-27.662597,153.140557,3421193,4131,South,QLD,2026-09-18 15:24:48
61401473,232.9,2026-09-16T20:05:22.45,Shell Reddy Express Woodridge,-27.624443,153.116876,3421193,4114,South,QLD,2026-09-18 15:24:48
61402099,239.9,2026-09-16T20:05:22.45,Shell Reddy Express Victoria Point,-27.596076,153.28593,3421193,4165,South,QLD,2026-09-18 15:24:48
61401448,235.9,2026-09-16T20:05:22.45,Shell Reddy Express Kessels Rd,-27.561152,153.078726,3421193,4122,South,QLD,2026-09-18 15:24:48
61401734,233.9,2026-09-16T20:05:22.45,Shell Reddy Express Chatswood Road,-27.633636,153.139502,3421193,4127,South,QLD,2026-09-18 15:24:48
61401743,239.9,2026-09-16T20:05:22.45,Shell Reddy Express Kallangur,-27.249189,153.000822,3421193,4503,North,QLD,2026-09-18 15:24:48
61477763,235.9,2026-09-16T20:05:22.45,Shell Reddy Express Alderley,-27.426788,153.001672,3421193,4051,North,QLD,2026-09-18 15:24:48
61477767,233.9,2026-09-16T20:05:22.45,Shell Reddy Express Brendale,-27.328192,152.987104,3421193,4500,North,QLD,2026-09-18 15:24:48
61401769,235.9,2026-09-16T20:05:22.45,Shell Reddy Express Albany Creek,-27.345888,152.964409,3421193,4035,North,QLD,2026-09-18 15:24:48
61401780,233.9,2026-09-16T20:05:22.45,Shell Reddy Express Deception Bay,-27.190235,153.018421,3421193,4508,North,QLD,2026-09-18 15:24:48
61477738,233.9,2026-09-16T20:05:22.45,Shell Reddy Express Kedron,-27.402657,153.031179,3421193,4031,North,QLD,2026-09-18 15:24:48
61477701,239.9,2026-09-16T20:05:22.45,Shell Reddy Express Ipswich North,-27.603381,152.761975,3421193,4305,South,QLD,2026-09-18 15:24:48
61401212,237.9,2026-09-16T20:05:22.45,Shell Reddy Express Logan Rd,-27.529893329941103,153.07154507422237,3421193,4122,South,QLD,2026-09-18 15:24:48
61401537,235.9,2026-09-16T20:05:22.45,Shell Reddy Express Virginia,-27.369917,153.061735,3421193,4014,North,QLD,2026-09-18 15:24:48
61401530,237.9,2026-09-16T20:05:22.45,Shell Reddy Express Coorparoo,-27.496996,153.055324,3421193,4151,South,QLD,2026-09-18 15:24:48
61477074,239.9,2026-09-16T20:05:22.45,Shell Reddy Express Brisbane Airport,-27.395647908199038,153.10774790674594,3421193,4007,North,QLD,2026-09-18 15:24:48
61401911,239.9,2026-09-16T20:05:22.45,Shell Reddy Express Karalee,-27.572365,152.791976,3421193,4306,South,QLD,2026-09-18 15:24:48
61401366,239.9,2026-09-16T20:05:22.45,Shell Reddy Express Wynnum,-27.443582,153.157939,3421193,4178,North,QLD,2026-09-18 15:24:48
61401128,236.9,2026-09-16T20:05:22.45,Shell Reddy Express Balmoral,-27.452187,153.062044,3421193,4171,North,QLD,2026-09-18 15:24:48
61401959,236.9,2026-09-16T20:05:22.45,Shell Reddy Express Windsor (Qld),-27.439346,153.030343,3421193,4030,North,QLD,2026-09-18 15:24:48
61402844,235.9,2026-09-16T20:05:22.45,Shell Reddy Express Mango Hill,-27.242734,153.023984,3421193,4509,North,QLD,2026-09-18 15:24:48
61401272,239.9,2026-09-16T20:05:22.45,Shell Reddy Express Stafford Heights,-27.391747,153.011652,3421193,4053,North,QLD,2026-09-18 15:24:48
61401265,233.9,2026-09-16T20:05:22.45,Shell Reddy Express Aspley,-27.359961,153.016587,3421193,4034,North,QLD,2026-09-18 15:24:48
61401561,237.9,2026-09-16T20:15:32.957,Shell Reddy Express Kippa-Ring,-27.229066920171583,153.08538009325412,3421193,4021,North,QLD,2026-09-18 15:24:48
61477787,233.9,2026-09-16T20:15:32.957,Shell Reddy Express Kedron Inbound,-27.397698,153.032006,3421193,4031,North,QLD,2026-09-18 15:24:48
61401302,239.9,2026-09-16T20:15:32.957,Shell Reddy Express Arana Hills,-27.397654,152.958951,3421193,4054,North,QLD,2026-09-18 15:24:48
61401535,232.9,2026-09-16T20:15:32.957,Shell Reddy Express Calamvale,-27.632655,153.047203,3421193,4116,South,QLD,2026-09-18 15:24:48
61402095,229.9,2026-09-16T20:15:32.957,Shell Reddy Express Deagon,-27.330699,153.047457,3421193,4017,North,QLD,2026-09-18 15:24:48
61402207,228.9,2026-09-16T20:19:08,BP Logandale,-27.670532,153.200911,5,4129,South,QLD,2026-09-18 15:24:48
61402226,241.9,2026-09-16T20:30:34.187,S24 The Gap,-27.44460750531628,152.952606,2,4061,North,QLD,2026-09-18 15:24:48
61401428,229.9,2026-09-16T20:35:20.957,Shell Reddy Express Rocklea,-27.560256,153.000988,3421193,4106,South,QLD,2026-09-18 15:24:48
61478248,233.9,2026-09-16T20:45:26.917,OTR Swanbank,-27.675319041570603,152.83636513523064,169,4306,South,QLD,2026-09-18 15:24:48
61477100,239.9,2026-09-16T20:53:58.327,BP Foodworks Tivoli,-27.588832509233157,152.77196181410352,5,4305,South,QLD,2026-09-18 15:24:48
61477716,236.9,2026-09-16T21:00:40.52,Shell Reddy Express Bremer,-27.620482,152.779606,3421193,4304,South,QLD,2026-09-18 15:24:48
61477709,233.9,2026-09-16T21:40:11.53,United Brendale,-27.326447,152.974796,23,4500,North,QLD,2026-09-18 15:24:48
61477882,235.9,2026-09-16T22:24:07.293,Ampol Morayfield,-27.119833,152.955668,3421066,4506,North,QLD,2026-09-18 15:24:48
61401531,235.9,2026-09-16T22:30:38.097,Shell Reddy Express Alexandra Hills,-27.521101,153.211992,3421193,4161,South,QLD,2026-09-18 15:24:48
61401238,239.9,2026-09-16T23:33:20,Red Dog Petroleum,-27.254478,152.982078,12,4503,North,QLD,2026-09-18 15:24:48
61401210,237.9,2026-09-17T00:05:04.207,NightOwl BP Holland Park,-27.515107,153.072439,5,4121,South,QLD,2026-09-18 15:24:48
61401733,239.9,2026-09-17T00:32:35.04,Caltex Narangba,-27.197201,152.984309,2,4504,North,QLD,2026-09-18 15:24:48
61477695,229.9,2026-09-17T00:37:13.543,Caltex Rocklea,-27.537417,153.003541,2,4106,South,QLD,2026-09-18 15:24:48
61478087,239.9,2026-09-17T00:38:01.777,Caltex Crestmead,-27.69378632229072,153.07724963194656,2,4132,South,QLD,2026-09-18 15:24:48
61401685,229.9,2026-09-17T00:40:39.373,Caltex Graceville,-27.524837,152.980789,2,4075,South,QLD,2026-09-18 15:24:48
61401371,219.9,2026-09-17T00:41:16.827,Caltex Wynnum,-27.45463473648407,153.16652018650822,2,4178,North,QLD,2026-09-18 15:24:48
61477971,235.9,2026-09-17T00:48:37.22,Ampol Wacol,-27.593553,152.922853,3421066,4076,South,QLD,2026-09-18 15:24:48
61401367,219.9,2026-09-17T01:04:45.28,Caltex Wynnum West,-27.459016,153.151452,2,4178,North,QLD,2026-09-18 15:24:48
61477652,239.9,2026-09-17T01:09:46.033,Caltex Bundamba,-27.588524,152.821812,2,4304,South,QLD,2026-09-18 15:24:48
61401886,223.9,2026-09-17T02:14:06.513,Liberty Sunnybank Hills,-27.602084,153.056501,86,4109,South,QLD,2026-09-18 15:24:48
61402678,239.9,2026-09-17T02:40:16.61,Caltex Dayboro,-27.195955,152.825947,2,4521,North,QLD,2026-09-18 15:24:48
61402344,224.9,2026-09-17T03:47:18.797,Ampol Hemmant,-27.430687,153.133072,3421066,4174,North,QLD,2026-09-18 15:24:48
61401309,232.9,2026-09-17T03:59:13.663,Caltex Everton Park,-27.401257,152.986898,2,4053,North,QLD,2026-09-18 15:24:48
61401386,240.9,2026-09-17T04:18:42.333,Bizzells Garage Paddington,-27.459076,152.998383,12,4064,North,QLD,2026-09-18 15:24:48
61401280,237.9,2026-09-17T04:30:42.343,Shell Reddy Express Geebung,-27.374166,153.035974,3421193,4034,North,QLD,2026-09-18 15:24:48
61401773,239.9,2026-09-17T04:55:07.39,United Loganlea,-27.667011,153.139313,23,4131,South,QLD,2026-09-18 15:24:48
61401670,240.9,2026-09-17T07:53:22,Ampol Redbank,-27.600518,152.870193,3421066,4301,South,QLD,2026-09-18 15:24:48
61401199,222.9,2026-09-17T08:23:07.71,BP Stones Corner,-27.502373,153.045544,5,4120,South,QLD,2026-09-18 15:24:48
61402878,219.9,2026-09-17T08:26:18,BP Amberley,-27.658941,152.708684,5,4306,South,QLD,2026-09-18 15:24:48
61477099,229.9,2026-09-17T11:45:04.05,Astron Beachmere,-27.128704843124698,153.0516013868227,114,4510,North,QLD,2026-09-18 15:24:48
61401329,228.3,2026-09-17T12:10:16.863,Caltex Kedron,-27.407241,153.032891,2,4031,North,QLD,2026-09-18 15:24:48
61402388,221.5,2026-09-17T13:07:06,Pearl Energy Deagon,-27.328365,153.053801,3421139,4017,North,QLD,2026-09-18 15:24:48
61401774,219.5,2026-09-17T13:11:28,Pearl Energy Rocklea,-27.557625,153.015262,3421139,4106,South,QLD,2026-09-18 15:24:48
61401737,219.5,2026-09-17T13:12:36,Pearl Energy Durack,-27.595968,152.987555,3421139,4077,South,QLD,2026-09-18 15:24:48
61401551,239.9,2026-09-17T16:00:00,EG Ampol Kenmore,-27.507567,152.940427,3421073,4069,South,QLD,2026-09-18 15:24:48
61478220,233.9,2026-09-17T16:00:00,EG Ampol Ripley South,-27.69132089938983,152.8031637374344,3421073,4306,South,QLD,2026-09-18 15:24:48
61401745,239.9,2026-09-17T16:37:09.16,BP Lawnton,-27.281581,152.983155,5,4501,North,QLD,2026-09-18 15:24:48
61401727,239.9,2026-09-17T18:33:07.677,BP Sandgate,-27.315559,153.061062,5,4017,North,QLD,2026-09-18 15:24:48
61401703,219.5,2026-09-17T18:57:35,Pearl Energy Willawong,-27.594515343499236,153.00412895337297,3421139,4110,South,QLD,2026-09-18 15:24:48
61401916,219.5,2026-09-17T19:06:32,Pearl Energy Acacia Ridge,-27.580433143071236,153.02631481719666,3421139,4110,South,QLD,2026-09-18 15:24:48
61401147,211.5,2026-09-17T19:11:28,Pearl Energy Cannon Hill,-27.469588810651647,153.0956865626759,3421139,4170,North,QLD,2026-09-18 15:24:48
61401759,211.5,2026-09-17T19:12:15,Pearl Energy Manly West,-27.467233,153.154095,3421139,4179,North,QLD,2026-09-18 15:24:48
61478046,216.5,2026-09-17T19:16:38,Pearl Energy Rothwell,-27.21672197626366,153.04587229926682,3421139,4022,North,QLD,2026-09-18 15:24:48
61401348,224.9,2026-09-17T19:17:21.47,U-Go Lutwyche,-27.425953,153.032041,3421183,4030,North,QLD,2026-09-18 15:24:48
61401620,227.5,2026-09-17T19:17:21.47,U-Go Loganholme,-27.663087497535884,153.17983496197124,3421183,4129,South,QLD,2026-09-18 15:24:48
61401292,224.9,2026-09-17T19:17:21.47,U-Go West Chermside,-27.37991815990408,153.02246784540367,3421183,4032,North,QLD,2026-09-18 15:24:48
61401359,243.9,2026-09-17T19:17:21.47,Ampol Eagle Farm,-27.434674,153.079056,3421066,4009,North,QLD,2026-09-18 15:24:48
61401500,237.9,2026-09-17T19:17:21.47,Ampol Foodary Booval,-27.613641,152.792314,3421066,4304,South,QLD,2026-09-18 15:24:48
61401142,224.9,2026-09-17T19:17:21.47,Ampol Foodary Colmslie,-27.466503,153.079198,3421066,4170,North,QLD,2026-09-18 15:24:48
61401197,219.5,2026-09-17T19:17:21.47,U-Go Rocklea,-27.538641,153.005432,3421183,4106,South,QLD,2026-09-18 15:24:48
61401748,233.4,2026-09-17T19:17:21.47,Ampol Foodary Hyperdome,-27.659537,153.168904,3421066,4128,South,QLD,2026-09-18 15:24:48
61477946,243.9,2026-09-17T19:17:21.487,Ampol Foodary Hendra,-27.410275,153.072089,3421066,4011,North,QLD,2026-09-18 15:24:48
61477742,224.4,2026-09-17T19:17:21.487,Ampol Foodary Ripley,-27.657134,152.778673,3421066,4306,South,QLD,2026-09-18 15:24:48
61401682,241.9,2026-09-17T19:22:18.163,Ampol Foodary Blacksoil,-27.579766,152.716439,3421066,4306,South,QLD,2026-09-18 15:24:48
61401291,243.9,2026-09-17T19:22:18.163,Ampol Foodary Nundah,-27.398473,153.059252,3421066,4012,North,QLD,2026-09-18 15:24:48
61401683,240.9,2026-09-17T19:22:18.163,Ampol Foodary Burpengary,-27.156263,152.977055,3421066,4505,North,QLD,2026-09-18 15:24:48
61401183,226.9,2026-09-17T19:22:18.163,Ampol Foodary Annerley,-27.512236,153.032024,3421066,4103,South,QLD,2026-09-18 15:24:48
61401772,233.9,2026-09-17T19:22:18.163,Ampol Foodary Slacks Creek,-27.640701,153.131201,3421066,4127,South,QLD,2026-09-18 15:24:48
61401229,239.9,2026-09-17T19:22:18.163,Ampol Foodary Redcliffe,-27.229577,153.102033,3421066,4020,North,QLD,2026-09-18 15:24:48
61401411,239.9,2026-09-17T19:22:18.163,Ampol Foodary Jindalee,-27.536514,152.941898,3421066,4074,South,QLD,2026-09-18 15:24:48
61401754,232.9,2026-09-17T19:22:18.163,Ampol Foodary Wishart,-27.548472,153.107989,3421066,4122,South,QLD,2026-09-18 15:24:48
61401441,223.9,2026-09-17T19:23:00,7-Eleven Acacia Ridge,-27.589068,153.027286,113,4110,South,QLD,2026-09-18 15:24:48
61401457,239.9,2026-09-17T19:23:00,7-Eleven North Ipswich,-27.603119,152.761629,113,4305,South,QLD,2026-09-18 15:24:48
61401460,239.9,2026-09-17T19:23:00,7-Eleven Dinmore,-27.598004,152.832107,113,4303,South,QLD,2026-09-18 15:24:48
61477979,233.9,2026-09-17T19:23:00,7-Eleven Eden's Crossing,-27.668754,152.842579,113,4301,South,QLD,2026-09-18 15:24:48
61477675,240.9,2026-09-17T19:23:00,7-Eleven Loganlea,-27.687281,153.137458,113,4131,South,QLD,2026-09-18 15:24:48
61401588,239.9,2026-09-17T19:23:00,7-Eleven Victoria Point,-27.584259,153.281142,113,4165,South,QLD,2026-09-18 15:24:48
61477685,229.9,2026-09-17T19:23:00,7-Eleven Dakabin,-27.232713,152.992111,113,4503,North,QLD,2026-09-18 15:24:48
61477974,235.9,2026-09-17T19:23:00,7-Eleven Regents Park,-27.688181,153.037662,113,4118,South,QLD,2026-09-18 15:24:48
61477720,231.9,2026-09-17T19:23:00,7-Eleven Salisbury,-27.544513,153.039614,113,4107,South,QLD,2026-09-18 15:24:48
61477855,235.9,2026-09-17T19:23:00,7-Eleven Mango Hill,-27.243654,153.025408,113,4509,North,QLD,2026-09-18 15:24:48
61402231,236.9,2026-09-17T19:23:00,7-Eleven Silkstone,-27.621151,152.787974,113,4304,South,QLD,2026-09-18 15:24:48
61477752,229.9,2026-09-17T19:23:00,7-Eleven Logan Reserve,-27.696584,153.102784,113,4133,South,QLD,2026-09-18 15:24:48
61477786,239.9,2026-09-17T19:23:00,7-Eleven Kallangur,-27.251764,152.991435,113,4503,North,QLD,2026-09-18 15:24:48
61401479,232.9,2026-09-17T19:23:00,7-Eleven Woodridge,-27.619142,153.104903,113,4114,South,QLD,2026-09-18 15:24:48
61401477,235.9,2026-09-17T19:23:00,7-Eleven Springwood,-27.61011953521952,153.12405772883605,113,4127,South,QLD,2026-09-18 15:24:48
61477091,237.9,2026-09-17T19:23:00,7-Eleven North Lakes,-27.220937,152.999794,113,4509,North,QLD,2026-09-18 15:24:48
61402208,229.9,2026-09-17T19:23:00,7-Eleven Bracken Ridge,-27.330901,153.025787,113,4017,North,QLD,2026-09-18 15:24:48
61477140,233.9,2026-09-17T19:23:00,7-Eleven Deception Bay,-27.196842,153.015639,113,4508,North,QLD,2026-09-18 15:24:48
61477143,229.9,2026-09-17T19:23:00,7-Eleven Taigum,-27.342366,153.041502,113,4018,North,QLD,2026-09-18 15:24:48
61402350,223.9,2026-09-17T19:23:00,7-Eleven Coopers Plains,-27.563861,153.039813,113,4108,South,QLD,2026-09-18 15:24:48
61401264,233.9,2026-09-17T19:23:00,7-Eleven Aspley,-27.358443,153.017037,113,4034,North,QLD,2026-09-18 15:24:48
61401914,233.9,2026-09-17T19:23:00,7-Eleven Albany Creek,-27.363889718122927,153.01311577315525,113,4034,North,QLD,2026-09-18 15:24:48
61401250,233.9,2026-09-17T19:23:00,7-Eleven Bald Hills,-27.319376,153.006967,113,4036,North,QLD,2026-09-18 15:24:48
61401249,235.9,2026-09-17T19:23:00,7-Eleven Eatons Hill,-27.337933,152.960099,113,4037,North,QLD,2026-09-18 15:24:48
61401868,233.9,2026-09-17T19:23:00,7-Eleven Morayfield,-27.112363,152.950651,113,4506,North,QLD,2026-09-18 15:24:48
61401276,229.9,2026-09-17T19:23:00,7-Eleven Aspley,-27.364758,153.026257,113,4034,North,QLD,2026-09-18 15:24:48
61402101,231.9,2026-09-17T19:23:00,7-Eleven Pinelands Road,-27.591492,153.060381,113,4109,South,QLD,2026-09-18 15:24:48
61401177,229.9,2026-09-17T19:23:00,7-Eleven Graceville,-27.521931,152.980164,113,4075,South,QLD,2026-09-18 15:24:48
61478231,233.9,2026-09-17T19:23:00,7-Eleven Kedron,-27.39863917071317,153.03197252883606,113,4031,North,QLD,2026-09-18 15:24:48
61478233,239.9,2026-09-17T19:23:00,7-Eleven Chuwar,-27.57247896542318,152.79030419172994,113,4306,South,QLD,2026-09-18 15:24:48
61402404,237.9,2026-09-17T19:23:00,7-Eleven Clontarf,-27.260601,153.080001,113,4019,North,QLD,2026-09-18 15:24:48
61478114,237.9,2026-09-17T19:23:00,7-Eleven Mount Gravatt,-27.53565350399373,153.07665807073778,113,4122,South,QLD,2026-09-18 15:24:48
61478106,228.9,2026-09-17T19:23:00,7-Eleven Cornubia,-27.670202149976504,153.20282614329264,113,4130,South,QLD,2026-09-18 15:24:48
61478089,222.9,2026-09-17T19:23:00,7-Eleven Brisbane East,-27.488400458163543,153.04863777560195,113,4169,South,QLD,2026-09-18 15:24:48
61478030,229.9,2026-09-17T19:23:00,7-Eleven Eight Mile Plains Northbound,-27.573523,153.090669,113,4113,South,QLD,2026-09-18 15:24:48
61401399,235.9,2026-09-17T19:23:00,7-Eleven Mt Gravatt East,-27.531577,153.093146,113,4122,South,QLD,2026-09-18 15:24:48
61401723,231.9,2026-09-17T19:27:18.57,Ampol Foodary Capalaba,-27.531502,153.197563,3421066,4157,South,QLD,2026-09-18 15:24:48
61401744,234.9,2026-09-17T19:27:18.57,Ampol Foodary Sumner Park,-27.560198,152.935835,3421066,4074,South,QLD,2026-09-18 15:24:48
61401514,244.9,2026-09-17T19:27:18.57,Ampol Foodary Waterford,-27.691549,153.134431,3421066,4133,South,QLD,2026-09-18 15:24:48
61401258,234.9,2026-09-17T19:29:19.15,BP Bracken Ridge,-27.330999,153.041854,5,4017,North,QLD,2026-09-18 15:24:48
61401881,236.9,2026-09-17T19:32:17.48,Ampol Foodary Rochedale,-27.595176,153.121695,3421066,4123,South,QLD,2026-09-18 15:24:48
61401905,229.9,2026-09-17T19:32:17.48,Ampol Foodary Richlands,-27.596746,152.949854,3421066,4077,South,QLD,2026-09-18 15:24:48
61401758,232.9,2026-09-17T19:32:17.48,Ampol Foodary Kingston,-27.633736,153.119241,3421066,4114,South,QLD,2026-09-18 15:24:48
61477986,231.9,2026-09-17T19:32:17.48,Ampol Foodary Morningside,-27.456745,153.087078,3421066,4170,North,QLD,2026-09-18 15:24:48
61478257,224.4,2026-09-17T19:33:00,7-Eleven Ripley North,-27.672811401191908,152.7845945423279,113,4306,South,QLD,2026-09-18 15:24:48
61478047,219.5,2026-09-17T19:36:59,Pearl Energy Moorooka,-27.52739717949918,153.02112599140165,3421139,4105,South,QLD,2026-09-18 15:24:48
61477776,223.5,2026-09-17T19:37:10,Pearl Energy Woodridge,-27.61827792410671,153.1060272625656,3421139,4114,South,QLD,2026-09-18 15:24:48
61401768,233.9,2026-09-17T19:37:18.233,Ampol Foodary Churchill,-27.633441,152.756625,3421066,4305,South,QLD,2026-09-18 15:24:48
61401922,235.9,2026-09-17T19:37:18.233,Ampol Foodary Caboolture,-27.085152,152.957808,3421066,4510,North,QLD,2026-09-18 15:24:48
61401391,244.9,2026-09-17T19:37:18.233,Ampol Foodary Toowong,-27.478292616581154,152.98579629447744,3421066,4066,South,QLD,2026-09-18 15:24:48
61401117,238.9,2026-09-17T19:38:06.39,Liberty Highgate Hill,-27.483409881192497,153.0197200841747,86,4101,South,QLD,2026-09-18 15:24:48
61401887,239.9,2026-09-17T19:42:17.66,Ampol Foodary Cleveland Shore St,-27.524198,153.253795,3421066,4163,South,QLD,2026-09-18 15:24:48
61478219,231.9,2026-09-17T19:49:00,EG Ampol Caboolture South,-27.096278400080855,152.9488247396431,3421073,4510,North,QLD,2026-09-18 15:24:48
61402212,229.9,2026-09-17T19:50:00,EG Ampol Capalaba,-27.514796,153.181279,3421073,4157,South,QLD,2026-09-18 15:24:48
61401195,237.9,2026-09-17T19:51:00,EG Ampol Moorooka,-27.539627,153.022022,3421073,4105,South,QLD,2026-09-18 15:24:48
61401943,239.9,2026-09-17T19:51:00,EG Ampol Browns Plains West,-27.659403,153.028989,3421073,4118,South,QLD,2026-09-18 15:24:48
61402089,215.9,2026-09-17T19:52:00,EG Ampol Tingalpa,-27.47481165680222,153.1435920648487,3421073,4173,South,QLD,2026-09-18 15:24:48
61477722,239.9,2026-09-17T19:52:00,EG Ampol Park Ridge,-27.697954,153.039827,3421073,4125,South,QLD,2026-09-18 15:24:48
61401157,245.9,2026-09-17T19:52:00,EG Ampol Birkdale,-27.494931,153.212762,3421073,4159,South,QLD,2026-09-18 15:24:48
61477081,240.9,2026-09-17T19:53:00,EG Ampol Joyner,-27.290927,152.953124,3421073,4500,North,QLD,2026-09-18 15:24:48
61401126,244.9,2026-09-17T19:53:59.06,BP Milton,-27.467628,153.007504,5,4064,North,QLD,2026-09-18 15:24:48
61402359,215.9,2026-09-17T19:54:00,EG Ampol Cannon Hill,-27.47094522778374,153.10394544295693,3421073,4170,South,QLD,2026-09-18 15:24:48
61402214,230.9,2026-09-17T19:58:00,EG Ampol Yamanto,-27.661644,152.739343,3421073,4305,South,QLD,2026-09-18 15:24:48
61402845,221.9,2026-09-17T20:02:00,EG Ampol Underwood,-27.606312,153.109055,3421073,4119,South,QLD,2026-09-18 15:24:48
61401180,219.5,2026-09-17T20:05:11.583,United Sherwood,-27.532831,152.983247,23,4075,South,QLD,2026-09-18 15:24:48
61402356,240.9,2026-09-17T20:08:00,EG Ampol Keperra,-27.417028,152.949281,3421073,4054,North,QLD,2026-09-18 15:24:48
61402209,237.9,2026-09-17T20:09:00,7-Eleven Compton Rd,-27.611024,153.062587,113,4109,South,QLD,2026-09-18 15:24:48
61477741,235.9,2026-09-17T20:10:00,7-Eleven North Lakes Central,-27.238573,153.008647,113,4509,North,QLD,2026-09-18 15:24:48
61401621,232.9,2026-09-17T20:10:00,7-Eleven Woodridge,-27.620499,153.115408,113,4114,South,QLD,2026-09-18 15:24:48
61477883,233.9,2026-09-17T20:10:00,7-Eleven Rothwell,-27.211363,153.046688,113,4022,North,QLD,2026-09-18 15:24:48
61477760,239.9,2026-09-17T20:10:00,7-Eleven Everton Hills,-27.391023,152.972139,113,4053,North,QLD,2026-09-18 15:24:48
61477669,235.9,2026-09-17T20:10:00,7-Eleven Virginia,-27.371366,153.062734,113,4014,North,QLD,2026-09-18 15:24:48
61477665,233.9,2026-09-17T20:10:00,7-Eleven Heathwood,-27.630712,152.986492,113,4110,South,QLD,2026-09-18 15:24:48
61401330,233.5,2026-09-17T20:10:03.773,Freedom Fuels Wooloowin,-27.408291,153.047525,110,4030,North,QLD,2026-09-18 15:24:48
61401700,219.5,2026-09-17T20:15:43,Metro Petroleum Acacia Ridge,-27.588318,153.027937,57,4110,South,QLD,2026-09-18 15:24:48
61402106,239.9,2026-09-17T20:16:00,EG Ampol Margate,-27.244479,153.109334,3421073,4019,North,QLD,2026-09-18 15:24:48
61477783,233.5,2026-09-17T20:17:01.137,Freedom Fuels Redland Bay Road,-27.529372,153.196826,110,4157,South,QLD,2026-09-18 15:24:48
61401642,233.5,2026-09-17T20:19:34.107,Freedom Fuels Ningi,-27.065563,153.112506,110,4511,North,QLD,2026-09-18 15:24:48
61401545,233.5,2026-09-17T20:20:00.343,Freedom Fuels Mt Gravatt,-27.536391,153.087947,110,4122,South,QLD,2026-09-18 15:24:48
61401722,233.5,2026-09-17T20:21:23.67,Freedom Fuels Goodna,-27.606207,152.903825,110,4300,South,QLD,2026-09-18 15:24:48
61477631,264.7,2026-09-17T20:28:48.44,Independent Borgy's Place,-27.499171,153.401798,12,4183,South,QLD,2026-09-18 15:24:48
61401691,233.5,2026-09-17T20:29:19.27,Freedom Fuels Brendale,-27.317652,152.987865,110,4500,North,QLD,2026-09-18 15:24:48
61402246,234.9,2026-09-17T20:37:00,EG Ampol Browns Plains,-27.663979,153.042319,3421073,4118,South,QLD,2026-09-18 15:24:48
61401422,227.9,2026-09-17T20:52:00,7-Eleven Durack,-27.579387,152.974637,113,4077,South,QLD,2026-09-18 15:24:48
61401680,233.7,2026-09-17T20:53:52,BP Grange,-27.426073,153.013055,5,4051,North,QLD,2026-09-18 15:24:48
61401344,233.7,2026-09-17T20:55:07,Caltex Grange,-27.426624,153.017032,2,4051,North,QLD,2026-09-18 15:24:48
61477778,219.5,2026-09-17T20:55:09.7,United Archerfield,-27.561096,153.010123,23,4108,South,QLD,2026-09-18 15:24:48
61402365,239.9,2026-09-17T20:58:00,7-Eleven Jindalee,-27.536357,152.948876,113,4074,South,QLD,2026-09-18 15:24:48
61478041,234.9,2026-09-17T20:59:00,7-Eleven  Bracken Ridge North,-27.309904,153.025512,113,4017,North,QLD,2026-09-18 15:24:48
61401118,227.9,2026-09-17T20:59:00,7-Eleven East Brisbane,-27.48469982543029,153.03976776686477,113,4169,South,QLD,2026-09-18 15:24:48
61477754,239.9,2026-09-17T20:59:00,7-Eleven Redland Bay,-27.608486,153.289542,113,4165,South,QLD,2026-09-18 15:24:48
61401676,219.9,2026-09-17T20:59:00,7-Eleven Gumdale,-27.491043,153.152854,113,4154,South,QLD,2026-09-18 15:24:48
61401888,229.9,2026-09-17T20:59:00,7-Eleven Richlands,-27.597824,152.949918,113,4077,South,QLD,2026-09-18 15:24:48
61402338,244.9,2026-09-17T20:59:00,7-Eleven Brassall,-27.593686,152.745885,113,4305,South,QLD,2026-09-18 15:24:48
61477138,222.9,2026-09-17T20:59:00,7-Eleven Kingston South,-27.660149,153.117008,113,4114,South,QLD,2026-09-18 15:24:48
61477737,240.9,2026-09-17T20:59:00,7-Eleven Burpengary,-27.15412343963146,152.97070885962424,113,4505,North,QLD,2026-09-18 15:24:48
61401228,239.9,2026-09-17T20:59:00,7-Eleven Redcliffe,-27.230354,153.109317,113,4020,North,QLD,2026-09-18 15:24:48
61401445,232.9,2026-09-17T20:59:00,7-Eleven Wishart,-27.556364,153.089765,113,4122,South,QLD,2026-09-18 15:24:48
61402880,234.9,2026-09-17T20:59:00,7-Eleven Raceview,-27.634495,152.774455,113,4305,South,QLD,2026-09-18 15:24:48
61477928,235.9,2026-09-17T20:59:00,7-Eleven Caboolture East,-27.086517,152.965723,113,4510,North,QLD,2026-09-18 15:24:48
61401343,225.5,2026-09-17T20:59:04,Liberty Grange,-27.424641,153.014052,86,4051,North,QLD,2026-09-18 15:24:48
61401257,224.9,2026-09-17T21:03:00,7-Eleven Sandgate,-27.321088,153.067931,113,4017,North,QLD,2026-09-18 15:24:48
61401471,229.9,2026-09-17T21:07:00,7-Eleven Algester,-27.612647,153.039653,113,4115,South,QLD,2026-09-18 15:24:48
61401778,244.9,2026-09-17T21:12:18.303,Ampol Foodary Camira,-27.634994,152.916347,3421066,4300,South,QLD,2026-09-18 15:24:48
61402204,235.9,2026-09-17T21:13:00,7-Eleven Boronia Heights,-27.678754,153.021806,113,4118,South,QLD,2026-09-18 15:24:48
61401941,226.9,2026-09-17T21:15:00,7-Eleven Wynnum,-27.446069,153.171941,113,4178,North,QLD,2026-09-18 15:24:48
61402097,235.9,2026-09-17T21:15:18.823,United Virginia,-27.377199,153.062259,23,4014,North,QLD,2026-09-18 15:24:48
61402852,239.9,2026-09-17T21:17:00,7-Eleven Warner,-27.310281,152.962642,113,4500,North,QLD,2026-09-18 15:24:48
61401862,239.9,2026-09-17T21:17:17.997,Ampol Foodary Caboolture,-27.086965,152.980739,3421066,4510,North,QLD,2026-09-18 15:24:48
61401472,237.9,2026-09-17T21:18:37.777,Caltex Stretton,-27.61142680060479,153.0635548637543,2,4116,South,QLD,2026-09-18 15:24:48
61402213,233.9,2026-09-17T21:20:00,EG Ampol Forest Lake,-27.623694,152.969352,3421073,4078,South,QLD,2026-09-18 15:24:48
61401547,221.9,2026-09-17T21:21:00,7-Eleven Kingston,-27.644668,153.118247,113,4114,South,QLD,2026-09-18 15:24:48
61401483,222.9,2026-09-17T21:22:00,7-Eleven Logan City,-27.641222,153.107393,113,4114,South,QLD,2026-09-18 15:24:48
61401296,233.5,2026-09-17T21:22:14.17,Freedom Fuels Nudgee,-27.386791,153.087063,110,4014,North,QLD,2026-09-18 15:24:48
61401496,233.9,2026-09-17T21:22:17.92,Ampol Foodary Leichhardt,-27.627612,152.743589,3421066,4305,South,QLD,2026-09-18 15:24:48
61402894,243.9,2026-09-17T21:22:37,Caltex Loganlea,-27.668834,153.125376,2,4131,South,QLD,2026-09-18 15:24:48
61401461,233.5,2026-09-17T21:24:06.36,Freedom Fuels Ipswich,-27.601119,152.826338,110,4304,South,QLD,2026-09-18 15:24:48
61401173,235.9,2026-09-17T21:28:55,BP Indooroopilly,-27.499530327092497,152.9754396405449,5,4068,South,QLD,2026-09-18 15:24:48
61401417,235.9,2026-09-17T21:29:13.347,BP Oxley,-27.553377,152.979052,5,4075,South,QLD,2026-09-18 15:24:48
61401227,239.9,2026-09-17T21:29:33.27,Caltex Redcliffe,-27.222051,153.110819,2,4020,North,QLD,2026-09-18 15:24:48
61401603,229.9,2026-09-17T21:37:55.463,Caltex Chandler,-27.517268,153.183284,2,4155,South,QLD,2026-09-18 15:24:48
61477696,239.9,2026-09-17T21:38:00,7-Eleven Cleveland,-27.524539,153.256024,113,4163,South,QLD,2026-09-18 15:24:48
61401687,233.9,2026-09-17T21:40:04.057,NightOwl Caltex Enoggera,-27.425202,152.990017,2,4051,North,QLD,2026-09-18 15:24:48
61401282,235.9,2026-09-17T21:51:44.44,BP Geebung,-27.379293,153.046309,5,4034,North,QLD,2026-09-18 15:24:48
61401427,225.7,2026-09-17T21:57:41.1,Pacific Fuel Solutions Rocklea,-27.558117,153.006258,3421162,4106,South,QLD,2026-09-18 15:24:48
61401711,223.9,2026-09-17T21:59:29,Liberty Yamanto,-27.662759,152.728866,86,4305,South,QLD,2026-09-18 15:24:48
61401288,243.9,2026-09-17T22:00:27.837,Caltex Nundah,-27.391946,153.058897,2,4012,North,QLD,2026-09-18 15:24:48
61477897,239.9,2026-09-17T22:05:00,7-Eleven Hillcrest,-27.663668,153.034904,113,4118,South,QLD,2026-09-18 15:24:48
61402091,240.9,2026-09-17T22:05:00,7-Eleven Bray Park,-27.292016,152.954828,113,4500,North,QLD,2026-09-18 15:24:48
61402092,245.9,2026-09-17T22:05:00,7-Eleven Birkdale,-27.508734,153.207099,113,4159,South,QLD,2026-09-18 15:24:48
61401246,243.9,2026-09-17T22:05:00,7-Eleven Strathpine,-27.307774,152.990528,113,4500,North,QLD,2026-09-18 15:24:48
61477885,243.9,2026-09-17T22:06:00,7-Eleven Strathpine Northbound,-27.308062,152.989949,113,4500,North,QLD,2026-09-18 15:24:48
61401606,219.5,2026-09-17T22:06:36,Liberty Deception Bay,-27.205038,153.038413,86,4508,North,QLD,2026-09-18 15:24:48
61402086,221.9,2026-09-17T22:27:00,EG Ampol Slacks Creek,-27.640235,153.132913,3421073,4127,South,QLD,2026-09-18 15:24:48
61478213,219.5,2026-09-17T22:30:20.967,Caltex Willawong,-27.594301151904506,153.00589252347183,2,4110,South,QLD,2026-09-18 15:24:48
61477762,237.9,2026-09-17T22:34:00,7-Eleven Gaythorne,-27.417095,152.982146,113,4051,North,QLD,2026-09-18 15:24:48
61477877,244.9,2026-09-17T22:34:00,7-Eleven Springfield,-27.651963,152.921313,113,4300,South,QLD,2026-09-18 15:24:48
61401218,219.5,2026-09-17T22:34:36.86,Liberty Deception Bay,-27.199148,153.032128,86,4508,North,QLD,2026-09-18 15:24:48
61401956,229.5,2026-09-17T22:42:53.163,Caltex Booval,-27.612973,152.798948,2,4304,South,QLD,2026-09-18 15:24:48
61401328,231.5,2026-09-17T22:43:39.163,BP Kedron,-27.40208501541335,153.031880046627,5,4031,North,QLD,2026-09-18 15:24:48
61477949,229.9,2026-09-17T22:46:46.48,Metro Petroleum Greenbank,-27.696955,153.013438,57,4124,South,QLD,2026-09-18 15:24:48
61402223,240.9,2026-09-17T22:48:00,EG Ampol Burpengary,-27.154353,152.974593,3421073,4505,North,QLD,2026-09-18 15:24:48
61401931,229.9,2026-09-17T22:50:01.87,Metro Petroleum Hillcrest,-27.676512,153.024581,57,4118,South,QLD,2026-09-18 15:24:48
61401749,239.9,2026-09-17T22:52:41.42,BP Bowen Hills,-27.435613,153.041348,5,4006,North,QLD,2026-09-18 15:24:48
61402398,239.9,2026-09-17T22:55:00,EG Ampol Mount Ommaney,-27.549542,152.941043,3421073,4074,South,QLD,2026-09-18 15:24:48
61477943,233.9,2026-09-17T22:58:00,7-Eleven Doolandella,-27.612414,152.987602,113,4077,South,QLD,2026-09-18 15:24:48
61478057,229.9,2026-09-17T22:58:00,7-Eleven Chandler,-27.516123,153.181907,113,4155,South,QLD,2026-09-18 15:24:48
61401409,229.9,2026-09-17T23:10:05,Metro Petroleum Thornlands,-27.548071,153.265178,57,4164,South,QLD,2026-09-18 15:24:48
61478198,237.9,2026-09-17T23:10:12.027,United Mitchelton,-27.41471648666694,152.97730429677327,23,4053,North,QLD,2026-09-18 15:24:48
61401255,221.5,2026-09-17T23:12:06.23,Metro Petroleum Sandgate,-27.321506,153.067479,57,4017,North,QLD,2026-09-18 15:24:48
61401325,224.9,2026-09-17T23:15:14.733,NightOwl Shell Kelvin Grove,-27.445435,153.008589,20,4059,North,QLD,2026-09-18 15:24:48
61477070,244.9,2026-09-17T23:15:24.42,United Springfield,-27.654489,152.917741,23,4300,South,QLD,2026-09-18 15:24:48
61401436,229.5,2026-09-17T23:18:27.64,NightOwl BP Sunnybank,-27.566916,153.064574,5,4109,South,QLD,2026-09-18 15:24:48
61401770,212.5,2026-09-17T23:18:27.64,NightOwl Shell Wakerley,-27.493179,153.168917,20,4154,South,QLD,2026-09-18 15:24:48
61401710,218.9,2026-09-17T23:24:25.223,Mega Fuels Rocklea,-27.546591,153.010459,12,4106,South,QLD,2026-09-18 15:24:48
61401946,219.5,2026-09-17T23:30:44.993,24Xpress Marsden Park,-27.679432,153.118257,3421291,4133,South,QLD,2026-09-18 15:24:48
61402765,229.7,2026-09-17T23:33:52.807,Pacific Fuel Solutions Caboolture,-27.0876906682575,152.9803013852501,3421162,4510,North,QLD,2026-09-18 15:24:48
61477937,226.9,2026-09-17T23:40:08.717,United Woolloongabba,-27.487922,153.036159,23,4102,South,QLD,2026-09-18 15:24:48
61402211,232.9,2026-09-17T23:41:37,Caltex Wishart,-27.550748,153.106439,2,4122,South,QLD,2026-09-18 15:24:48
61401382,239.9,2026-09-17T23:43:44.127,BP Ashgrove (Waterworks Rd),-27.446283,152.997578,5,4060,North,QLD,2026-09-18 15:24:48
61477956,219.5,2026-09-17T23:45:45.27,Shell Tingalpa,-27.472766,153.114344,20,4173,South,QLD,2026-09-18 15:24:48
61401160,239.9,2026-09-17T23:46:45,BP Cleveland,-27.523907,153.258759,5,4163,South,QLD,2026-09-18 15:24:48
61401924,237.4,2026-09-17T23:47:17.143,Ampol Foodary Strathpine,-27.326024,152.979019,3421066,4500,North,QLD,2026-09-18 15:24:48
61401755,219.5,2026-09-17T23:47:17.143,Ampol Foodary Waterford West,-27.681393,153.114674,3421066,4133,South,QLD,2026-09-18 15:24:48
61401140,225.9,2026-09-17T23:56:19.137,Caltex Morningside,-27.46640548892771,153.07819476837022,2,4170,North,QLD,2026-09-18 15:24:48
61401690,234.9,2026-09-17T23:58:14.903,BP Clontarf,-27.234738,153.087208,5,4019,North,QLD,2026-09-18 15:24:48
61477960,239.9,2026-09-17T23:59:00,7-Eleven Park Ridge,-27.698996,153.040984,113,4125,South,QLD,2026-09-18 15:24:48
61402098,234.9,2026-09-17T23:59:00,7-Eleven Heritage Park,-27.673109458819063,153.05285839123795,113,4118,South,QLD,2026-09-18 15:24:48
61401261,223.9,2026-09-18T00:03:00,EG Ampol Deagon,-27.334055,153.059565,3421073,4017,North,QLD,2026-09-18 15:24:48
61477691,219.5,2026-09-18T00:05:49.25,Liberty Annerley,-27.503935408699782,153.0348827811191,86,4103,South,QLD,2026-09-18 15:24:48
61477692,219.5,2026-09-18T00:05:57.563,Liberty Moorooka South,-27.53134715150852,153.01683920952456,86,4105,South,QLD,2026-09-18 15:24:48
61401341,243.9,2026-09-18T00:06:11.08,Caltex Clayfield,-27.427403,153.050405,2,4011,North,QLD,2026-09-18 15:24:48
61477687,239.9,2026-09-18T00:07:58.19,Caltex Caboolture East,-27.085727,152.986338,2,4510,North,QLD,2026-09-18 15:24:48
61401235,234.9,2026-09-18T00:08:24.91,BP Boulevarde,-27.255871,153.094417,5,4019,North,QLD,2026-09-18 15:24:48
61401912,219.5,2026-09-18T00:10:57.457,Liberty Oxley,-27.570459356616315,152.9810493558197,86,4075,South,QLD,2026-09-18 15:24:48
61477753,219.5,2026-09-18T00:15:50.273,Liberty Acacia Ridge,-27.57773460925084,153.02584625750842,86,4110,South,QLD,2026-09-18 15:24:48
61401921,229.9,2026-09-18T00:16:19.117,Caltex Underwood,-27.597516,153.109135,2,4119,South,QLD,2026-09-18 15:24:48
61401453,219.5,2026-09-18T00:17:11.023,OOM Energy Underwood,-27.598633,153.109336,12,4119,South,QLD,2026-09-18 15:24:48
61401777,223.5,2026-09-18T00:20:50.95,Liberty Karawatha,-27.617782,153.094057,86,4117,South,QLD,2026-09-18 15:24:48
61401560,239.9,2026-09-18T00:21:59.62,Caltex Kalinga,-27.410487,153.047567,2,4030,North,QLD,2026-09-18 15:24:48
61401591,229.9,2026-09-18T00:24:40.7,Caltex Mango Hill,-27.226363,153.036006,2,4509,North,QLD,2026-09-18 15:24:48
61401357,243.9,2026-09-18T00:29:00,7-Eleven Ascot,-27.428241,153.062278,113,4007,North,QLD,2026-09-18 15:24:48
61477934,240.9,2026-09-18T00:29:00,7-Eleven Keperra,-27.42016890675928,152.94846237168883,113,4054,North,QLD,2026-09-18 15:24:48
61477707,239.9,2026-09-18T00:31:49,Caltex Caboolture West,-27.076328,152.928023,2,4510,North,QLD,2026-09-18 15:24:48
61402739,223.5,2026-09-18T00:36:52.617,Liberty Eight Mile Plains,-27.573428,153.078291,86,4113,South,QLD,2026-09-18 15:24:48
61478004,229.5,2026-09-18T00:37:07.93,Liberty Margate,-27.242988,153.107046,86,4019,North,QLD,2026-09-18 15:24:48
61402386,223.5,2026-09-18T00:37:24.227,Liberty Taigum,-27.349745,153.038003,86,4034,North,QLD,2026-09-18 15:24:48
61401934,237.9,2026-09-18T00:38:24.087,Caltex Murrumba Downs,-27.264616,153.005048,2,4503,North,QLD,2026-09-18 15:24:48
61402132,239.9,2026-09-18T00:39:22.133,BP Regents Park,-27.676907,153.031851,5,4118,South,QLD,2026-09-18 15:24:48
61401907,233.5,2026-09-18T00:40:13.43,United Bald Hills,-27.317756,153.009186,23,4036,North,QLD,2026-09-18 15:24:48
61477723,219.5,2026-09-18T00:40:13.43,United Coopers Plains,-27.569702,153.024658,23,4108,South,QLD,2026-09-18 15:24:48
61401605,226.9,2026-09-18T00:40:50.213,BP Annerley,-27.522428,153.025696,5,4103,South,QLD,2026-09-18 15:24:48
61401781,233.5,2026-09-18T00:45:53.733,Liberty Lawnton,-27.290068,152.984536,86,4501,North,QLD,2026-09-18 15:24:48
61477890,229.9,2026-09-18T01:02:00,7-Eleven Eight Mile Plains,-27.585578,153.103765,113,4113,South,QLD,2026-09-18 15:24:48
61402405,234.9,2026-09-18T01:05:10.527,United Forestdale,-27.653823,152.995711,23,4118,South,QLD,2026-09-18 15:24:48
61402247,225.9,2026-09-18T01:08:55.217,Metro Petroleum Marsden,-27.678204,153.082353,57,4132,South,QLD,2026-09-18 15:24:48
61401440,229.9,2026-09-18T01:09:03.137,Metro Petroleum Sunnybank,-27.57032397205679,153.055617,57,4109,South,QLD,2026-09-18 15:24:48
61401254,223.5,2026-09-18T01:12:18,Pacific Petroleum Deagon,-27.325029,153.059461,2418994,4017,North,QLD,2026-09-18 15:24:48
61401185,235.9,2026-09-18T01:13:00,7-Eleven Fairfield Gardens,-27.508609,153.025429,113,4103,South,QLD,2026-09-18 15:24:48
61401188,235.9,2026-09-18T01:19:00,7-Eleven Yeronga,-27.519285,153.015135,113,4104,South,QLD,2026-09-18 15:24:48
61478222,223.9,2026-09-18T01:23:05.21,Caltex Coopers Plains,-27.572149765742434,153.03519868684006,2,4108,South,QLD,2026-09-18 15:24:48
61401200,222.5,2026-09-18T01:26:00,7-Eleven Greenslopes,-27.504612,153.040209,113,4120,South,QLD,2026-09-18 15:24:48
61401189,226.5,2026-09-18T01:27:00,7-Eleven Moorvale,-27.524123,153.023568,113,4105,South,QLD,2026-09-18 15:24:48
61401316,238.9,2026-09-18T01:28:40.26,BP Stafford,-27.409316,153.008034,5,4053,North,QLD,2026-09-18 15:24:48
61402090,222.9,2026-09-18T01:29:00,7-Eleven Murarrie,-27.456902,153.105682,113,4172,North,QLD,2026-09-18 15:24:48
61478193,243.9,2026-09-18T01:34:00,7-Eleven Northgate,-27.391817254810274,153.07109543650816,113,4013,North,QLD,2026-09-18 15:24:48
61477780,240.9,2026-09-18T01:34:00,7-Eleven Burpengary East,-27.139707,152.982665,113,4505,North,QLD,2026-09-18 15:24:48
61401225,225.9,2026-09-18T01:37:23.457,Metro Clontarf,-27.241169,153.086872,57,4019,North,QLD,2026-09-18 15:24:48
61401324,226.9,2026-09-18T01:38:00,7-Eleven Newmarket,-27.438767,153.007379,113,4051,North,QLD,2026-09-18 15:24:48
61401206,225.9,2026-09-18T01:47:17.743,U-Go Park Ridge,-27.696645,153.038101,3421183,4125,South,QLD,2026-09-18 15:24:48
61477749,235.9,2026-09-18T01:49:00,7-Eleven Caboolture,-27.077539,152.950377,113,4510,North,QLD,2026-09-18 15:24:48
61478011,225.9,2026-09-18T01:50:08.293,United Berrinba,-27.676026,153.079144,23,4117,South,QLD,2026-09-18 15:24:48
61477718,219.5,2026-09-18T01:54:00,7-Eleven Tingalpa,-27.471719,153.110322,113,4173,South,QLD,2026-09-18 15:24:48
61477731,221.5,2026-09-18T02:02:00,7-Eleven Willawong,-27.593842,153.003908,113,4110,South,QLD,2026-09-18 15:24:48
61401301,239.4,2026-09-18T02:02:18.91,Ampol Foodary Arana Hills,-27.396824,152.960709,3421066,4054,North,QLD,2026-09-18 15:24:48
61401167,237.4,2026-09-18T02:02:18.91,Ampol Foodary Kenmore,-27.507802,152.948185,3421066,4069,South,QLD,2026-09-18 15:24:48
61477953,239.9,2026-09-18T02:05:00,7-Eleven Bellmere,-27.088853,152.927838,113,4510,North,QLD,2026-09-18 15:24:48
61402127,238.9,2026-09-18T02:05:00,7-Eleven Murrumba Downs,-27.273405,153.015282,113,4503,North,QLD,2026-09-18 15:24:48
61477740,237.9,2026-09-18T02:05:00,7-Eleven Griffin,-27.260491,153.024233,113,4503,North,QLD,2026-09-18 15:24:48
61478227,225.9,2026-09-18T02:05:07.77,United Slacks Creek,-27.625835034179666,153.11769409325404,23,4127,South,QLD,2026-09-18 15:24:48
61401349,243.9,2026-09-18T02:06:00,7-Eleven Albion,-27.4289939652634,153.036903,113,4010,North,QLD,2026-09-18 15:24:48
61401508,221.5,2026-09-18T02:08:00,7-Eleven Redbank Plains,-27.644962,152.871677,113,4301,South,QLD,2026-09-18 15:24:48
61402262,221.5,2026-09-18T02:09:00,7-Eleven Bellbird Park,-27.645055,152.872371,113,4300,South,QLD,2026-09-18 15:24:48
61402406,226.9,2026-09-18T02:10:00,7-Eleven Flinders View,-27.653447,152.762956,113,4305,South,QLD,2026-09-18 15:24:48
61477779,233.9,2026-09-18T02:11:00,7-Eleven West Ipswich,-27.621919,152.747585,113,4305,South,QLD,2026-09-18 15:24:48
61401613,229.9,2026-09-18T02:12:19.057,U-Go Cleveland,-27.53260236370942,153.26623918650816,3421183,4163,South,QLD,2026-09-18 15:24:48
61478288,225.5,2026-09-18T02:13:00,7-Eleven Collingwood Park,-27.62425080880812,152.85782253032556,113,4301,South,QLD,2026-09-18 15:24:48
61401506,230.9,2026-09-18T02:15:22,BP Yamanto,-27.660285,152.740233,5,4305,South,QLD,2026-09-18 15:24:48
61401252,221.5,2026-09-18T02:17:19.09,U-Go Bracken Ridge,-27.319382,153.040903,3421183,4017,North,QLD,2026-09-18 15:24:48
61401365,235.9,2026-09-18T02:20:18,BP Lindum,-27.443116,153.143691,5,4178,North,QLD,2026-09-18 15:24:48
61401444,224.9,2026-09-18T02:33:00,7-Eleven Acacia Ridge East,-27.575428,153.039586,113,4110,South,QLD,2026-09-18 15:24:48
61401492,225.9,2026-09-18T02:37:07.01,Metro West Ipswich,-27.619048,152.749764,57,4305,South,QLD,2026-09-18 15:24:48
61477963,220.9,2026-09-18T02:42:18.25,Ampol Foodary Tingalpa,-27.474108,153.121802,3421066,4173,South,QLD,2026-09-18 15:24:48
61477775,233.9,2026-09-18T02:42:18.25,Ampol Foodary Narangba,-27.202741,153.010792,3421066,4504,North,QLD,2026-09-18 15:24:48
61477936,239.9,2026-09-18T02:42:18.25,Ampol Foodary Riverview,-27.589553,152.829909,3421066,4303,South,QLD,2026-09-18 15:24:48
61401487,241.9,2026-09-18T02:44:13.36,BP Redland Bay,-27.606017,153.288087,5,4165,South,QLD,2026-09-18 15:24:48
61402908,235.9,2026-09-18T02:47:18.987,Ampol Foodary North Lakes,-27.239449,153.009388,3421066,4509,North,QLD,2026-09-18 15:24:48
61401894,237.4,2026-09-18T02:47:18.987,Ampol Foodary Lawnton,-27.281231,152.982252,3421066,4501,North,QLD,2026-09-18 15:24:48
61401858,233.9,2026-09-18T02:50:10.05,United Caboolture,-27.079253,152.951795,23,4510,North,QLD,2026-09-18 15:24:48
61401523,233.9,2026-09-18T02:52:19.443,Ampol Foodary Carseldine,-27.342121,153.010681,3421066,4034,North,QLD,2026-09-18 15:24:48
61401502,225.5,2026-09-18T02:56:53,Metco Silkstone,-27.621481,152.789444,12,4304,South,QLD,2026-09-18 15:24:48
61478112,238.9,2026-09-18T02:57:18.743,Ampol Windsor,-27.436792733114075,153.02339601223372,3421066,4030,North,QLD,2026-09-18 15:24:48
61401134,241.9,2026-09-18T02:57:18.743,Ampol Foodary Camp Hill,-27.491978,153.064833,3421066,4152,South,QLD,2026-09-18 15:24:48
61402096,231.9,2026-09-18T02:57:18.743,Ampol Foodary Sunnybank,-27.584133,153.061878,3421066,4109,South,QLD,2026-09-18 15:24:48
61478283,237.9,2026-09-18T02:57:18.743,Ampol Foodary Morayfield East,-27.10930972378493,152.97310703367856,3421066,4506,North,QLD,2026-09-18 15:24:48
61401643,240.9,2026-09-18T02:57:18.743,Ampol Foodary Samford,-27.373408,152.886201,3421066,4520,North,QLD,2026-09-18 15:24:48
61402847,240.9,2026-09-18T02:57:18.743,Ampol Foodary Augustine Heights,-27.665500070157712,152.8910621898303,3421066,4300,South,QLD,2026-09-18 15:24:48
61401928,228.9,2026-09-18T02:57:18.743,Ampol Foodary Mackenzie,-27.547407,153.128337,3421066,4156,South,QLD,2026-09-18 15:24:48
61401263,231.9,2026-09-18T02:59:21.59,Caltex Zillmere,-27.366786,153.037181,2,4034,North,QLD,2026-09-18 15:24:48
61401224,239.9,2026-09-18T03:02:19.827,Ampol Foodary Kippa-Ring,-27.226826,153.084902,3421066,4021,North,QLD,2026-09-18 15:24:48
61401658,232.9,2026-09-18T03:03:49,Indus Fuel Bribie island,-27.080478,153.173647,12,4507,North,QLD,2026-09-18 15:24:48
61401856,239.9,2026-09-18T03:03:56.733,Elimbah Service Station and Takeaway,-27.007343,152.944651,12,4516,North,QLD,2026-09-18 15:24:48
61401541,242.9,2026-09-18T03:07:18.58,Ampol Foodary Hamilton,-27.438408,153.066889,3421066,4007,North,QLD,2026-09-18 15:24:48
61401155,234.9,2026-09-18T03:07:18.58,Ampol Foodary Carindale,-27.505555,153.099646,3421066,4152,South,QLD,2026-09-18 15:24:48
61401738,239.9,2026-09-18T03:07:18.58,Ampol Foodary Marsden,-27.679856,153.087847,3421066,4132,South,QLD,2026-09-18 15:24:48
61401756,240.9,2026-09-18T03:07:18.58,Ampol Foodary Brassall,-27.596301,152.745933,3421066,4305,South,QLD,2026-09-18 15:24:48
61401462,241.9,2026-09-18T03:07:18.58,Ampol Foodary Goodna,-27.608598,152.897931,3421066,4300,South,QLD,2026-09-18 15:24:48
61401136,241.9,2026-09-18T03:07:27.19,Caltex Norman Park,-27.483909,153.063748,2,4170,South,QLD,2026-09-18 15:24:48
61401524,240.9,2026-09-18T03:12:18.457,Ampol Foodary Alexandra Hills,-27.52262732061367,153.2196999651111,3421066,4161,South,QLD,2026-09-18 15:24:48
61401510,220.9,2026-09-18T03:12:58,Speed Fuel Kingston,-27.658841,153.116903,12,4114,South,QLD,2026-09-18 15:24:48
61402131,220.9,2026-09-18T03:14:17,OOM Energy Kingston,-27.66240225882411,153.11811118650817,12,4114,South,QLD,2026-09-18 15:24:48
61401908,243.9,2026-09-18T03:16:00,EG Ampol Virginia,-27.383617220168496,153.06412653401188,3421073,4014,North,QLD,2026-09-18 15:24:48
61401725,233.9,2026-09-18T03:17:06.367,Caltex Wacol,-27.604324,152.932499,2,4076,South,QLD,2026-09-18 15:24:48
61401641,237.9,2026-09-18T03:22:18.057,Ampol Foodary Carina,-27.495853,153.093435,3421066,4152,South,QLD,2026-09-18 15:24:48
61401938,225.9,2026-09-18T03:23:16.917,Metro Petroleum Capalaba,-27.521129,153.199215,57,4157,South,QLD,2026-09-18 15:24:48
61401741,225.9,2026-09-18T03:23:18,BP Brown Plains,-27.662509,153.048088,5,4118,South,QLD,2026-09-18 15:24:48
61402503,225.9,2026-09-18T03:26:10,BP Wamuran,-27.038915,152.858752,5,4512,North,QLD,2026-09-18 15:24:48
61401446,225.9,2026-09-18T03:26:43,BP Wishart,-27.561518,153.089268,5,4122,South,QLD,2026-09-18 15:24:48
61401954,233.9,2026-09-18T03:27:19.407,Ampol Foodary Rothwell,-27.209295,153.042949,3421066,4022,North,QLD,2026-09-18 15:24:48
61401413,229.9,2026-09-18T03:27:29,BP Riverhills,-27.556355,152.914572,5,4074,South,QLD,2026-09-18 15:24:48
61401485,225.9,2026-09-18T03:28:37,BP Mt Cotton,-27.637353,153.239623,5,4165,South,QLD,2026-09-18 15:24:48
61401450,229.9,2026-09-18T03:30:54.877,Caltex Eight Mile Plains,-27.575212,153.091639,2,4113,South,QLD,2026-09-18 15:24:48
61478059,242.9,2026-09-18T03:31:00,EG Ampol Brendale,-27.315004,152.966679,3421073,4500,North,QLD,2026-09-18 15:24:48
61402876,238.9,2026-09-18T03:31:00,EG Ampol Bowen Hills,-27.43935684389341,153.04003769940567,3421073,4006,North,QLD,2026-09-18 15:24:48
61401899,226.9,2026-09-18T03:31:00,EG Ampol Goodna,-27.628223,152.883713,3421073,4300,South,QLD,2026-09-18 15:24:48
61402210,219.9,2026-09-18T03:31:00,EG Ampol Mango Hill,-27.223195,153.037501,3421073,4509,North,QLD,2026-09-18 15:24:48
61402390,222.9,2026-09-18T03:32:00,EG Ampol Oxley,-27.572194,152.981702,3421073,4075,South,QLD,2026-09-18 15:24:48
61477129,247.9,2026-09-18T03:32:00,EG Ampol Meadowbrook,-27.667831,153.138292,3421073,4131,South,QLD,2026-09-18 15:24:48
61402762,244.9,2026-09-18T03:32:00,EG Ampol Karalee,-27.571241,152.799327,3421073,4306,South,QLD,2026-09-18 15:24:48
61402830,225.9,2026-09-18T03:32:00,EG Ampol Calamvale,-27.611892,153.054057,3421073,4116,South,QLD,2026-09-18 15:24:48
61402834,235.9,2026-09-18T03:32:00,EG Ampol Enoggera,-27.42935179933878,152.98930968220904,3421073,4051,North,QLD,2026-09-18 15:24:48
61401447,234.9,2026-09-18T03:32:00,EG Ampol Macgregor,-27.562252,153.074394,3421073,4109,South,QLD,2026-09-18 15:24:48
61477765,229.9,2026-09-18T03:32:18.8,Ampol Foodary Redbank Plains,-27.641024743458107,152.8483229398117,3421066,4301,South,QLD,2026-09-18 15:24:48
61401334,235.9,2026-09-18T03:32:18.8,Ampol Foodary Stafford,-27.411093,153.023635,3421066,4053,North,QLD,2026-09-18 15:24:48
61401775,239.9,2026-09-18T03:32:18.8,Ampol Foodary Bellbowrie,-27.562496,152.886875,3421066,4070,South,QLD,2026-09-18 15:24:48
61477671,229.9,2026-09-18T03:32:53.613,Caltex Archerfield,-27.564733,153.023797,2,4108,South,QLD,2026-09-18 15:24:48
61402094,236.9,2026-09-18T03:33:00,EG Ampol Caboolture South - Market Plaza,-27.09453583645176,152.9511927288361,3421073,4510,North,QLD,2026-09-18 15:24:48
61402362,235.9,2026-09-18T03:33:00,EG Ampol Brookside,-27.409841,152.981438,3421073,4053,North,QLD,2026-09-18 15:24:48
61401281,236.9,2026-09-18T03:34:00,EG Ampol Chermside,-27.374851923673855,153.0248358966843,3421073,4032,North,QLD,2026-09-18 15:24:48
61402391,228.9,2026-09-18T03:35:00,EG Ampol Cornubia,-27.672522,153.212491,3421073,4130,South,QLD,2026-09-18 15:24:48
61401555,225.9,2026-09-18T03:35:50.057,Caltex Woodridge,-27.627909,153.117731,2,4114,South,QLD,2026-09-18 15:24:48
61401550,227.5,2026-09-18T03:37:44.557,Caltex Rochedale,-27.580123,153.124691,2,4123,South,QLD,2026-09-18 15:24:48
61402897,244.9,2026-09-18T03:39:00,EG Ampol Kallangur,-27.250943,152.992977,3421073,4503,North,QLD,2026-09-18 15:24:48
61402107,223.8,2026-09-18T03:40:00,7-Eleven Carina,-27.487654,153.100211,113,4152,South,QLD,2026-09-18 15:24:48
61478249,231.5,2026-09-18T03:40:40.777,Caltex Richlands,-27.59946027258888,152.9493657962952,2,4077,South,QLD,2026-09-18 15:24:48
61401923,219.8,2026-09-18T03:41:00,7-Eleven Manly West,-27.475413,153.165772,113,4179,South,QLD,2026-09-18 15:24:48
61402125,228.9,2026-09-18T03:42:00,EG Ampol Acacia Ridge,-27.575298,153.026169,3421073,4110,South,QLD,2026-09-18 15:24:48
61401131,224.9,2026-09-18T03:43:57.78,Quill Petroleum Hawthorne,-27.472295835233435,153.05950272883607,12,4171,South,QLD,2026-09-18 15:24:48
61477061,244.9,2026-09-18T03:44:00,EG Ampol Victoria Point,-27.587057,153.282657,3421073,4165,South,QLD,2026-09-18 15:24:48
61401915,236.9,2026-09-18T03:45:00,EG Ampol Mitchelton,-27.415386,152.977543,3421073,4053,North,QLD,2026-09-18 15:24:48
61478226,238.7,2026-09-18T03:45:30.047,BP Paradise Gardens,-27.566598115425766,153.24974251182522,5,4164,South,QLD,2026-09-18 15:24:48
61401863,237.9,2026-09-18T03:49:58.08,NightOwl Shell Caboolture,-27.072592,153.025312,20,4510,North,QLD,2026-09-18 15:24:48
61401684,238.9,2026-09-18T03:51:15.177,Caltex Dutton Park,-27.498485,153.027857,2,4102,South,QLD,2026-09-18 15:24:48
61401590,229.5,2026-09-18T03:58:50.087,Caltex Wilston,-27.435847,153.014906,2,4051,North,QLD,2026-09-18 15:24:48
61477733,240.9,2026-09-18T03:59:00,7-Eleven Caboolture North,-27.060554,152.957646,113,4510,North,QLD,2026-09-18 15:24:48
61478018,238.9,2026-09-18T03:59:00,7-Eleven Morayfield East,-27.109139,152.967497,113,4506,North,QLD,2026-09-18 15:24:48
61401375,241.9,2026-09-18T03:59:00,7-Eleven The Gap,-27.442904,152.943808,113,4061,North,QLD,2026-09-18 15:24:48
61477962,247.9,2026-09-18T03:59:00,7-Eleven Redland Bay South,-27.637203,153.306042,113,4165,South,QLD,2026-09-18 15:24:48
61478236,236.9,2026-09-18T04:00:09.713,NightOwl Shell Karawatha,-27.651243269301546,153.0758083748688,20,4117,South,QLD,2026-09-18 15:24:48
61401625,223.5,2026-09-18T04:00:44.603,Solo Rocklea,-27.54085919169559,153.0089030932541,3421230,4106,South,QLD,2026-09-18 15:24:48
61477694,233.9,2026-09-18T04:08:42.063,Caltex West Ipswich,-27.618121,152.750201,2,4305,South,QLD,2026-09-18 15:24:48
61401861,229.9,2026-09-18T04:10:41.11,ARKO Energy Caboolture,-27.084479044851346,152.95795141104506,12,4510,North,QLD,2026-09-18 15:24:48
61402392,221.9,2026-09-18T04:12:00,EG Ampol Woodridge,-27.645186,153.118928,3421073,4114,South,QLD,2026-09-18 15:24:48
61401728,221.9,2026-09-18T04:17:08.693,Caltex Holland Park,-27.514227097218736,153.05476872883602,2,4121,South,QLD,2026-09-18 15:24:48
61401497,221.9,2026-09-18T04:19:59.79,Pacific Petroleum Churchill,-27.644063607517694,152.75105032638933,2418994,4305,South,QLD,2026-09-18 15:24:48
61478246,234.9,2026-09-18T04:20:05.07,NightOwl Shell Dakabin,-27.2254255222293,152.9905663453772,20,4503,North,QLD,2026-09-18 15:24:48
61478201,231.5,2026-09-18T04:22:44.48,Metro Caboolture South,-27.093302371841695,152.94949876197776,57,4510,North,QLD,2026-09-18 15:24:48
61401730,224.5,2026-09-18T04:25:44.543,Quill Petroleum,-27.455124731985503,153.0070409067459,12,4059,North,QLD,2026-09-18 15:24:48
61401919,223.9,2026-09-18T04:27:18.17,Ampol Foodary Woodridge West,-27.642988,153.100369,3421066,4114,South,QLD,2026-09-18 15:24:48
61401124,224.4,2026-09-18T04:27:18.17,Ampol Foodary Woolloongabba,-27.490753,153.040153,3421066,4102,South,QLD,2026-09-18 15:24:48
61477670,223.4,2026-09-18T04:32:18.5,Ampol Foodary Yamanto,-27.656816,152.746774,3421066,4305,South,QLD,2026-09-18 15:24:48
61401616,233.9,2026-09-18T04:35:00,7-Eleven Browns Plain,-27.664026,153.061551,113,4118,South,QLD,2026-09-18 15:24:48
61402875,239.9,2026-09-18T04:35:00,7-Eleven Ningi,-27.062301,153.079179,113,4511,North,QLD,2026-09-18 15:24:48
61401930,232.9,2026-09-18T04:35:00,7-Eleven Mackenzie,-27.545381,153.121763,113,4156,South,QLD,2026-09-18 15:24:48
61401512,243.9,2026-09-18T04:38:00,7-Eleven Marsden,-27.680481,153.114522,113,4132,South,QLD,2026-09-18 15:24:48
61401602,233.9,2026-09-18T04:38:00,7-Eleven Browns Plains,-27.664021,153.063245,113,4118,South,QLD,2026-09-18 15:24:48
61478093,239.9,2026-09-18T04:38:00,7-Eleven Sandstone Point,-27.071435266078836,153.13532772452643,113,4511,North,QLD,2026-09-18 15:24:48
61478027,231.5,2026-09-18T04:40:12.15,United Morayfield,-27.104792,152.947002,23,4506,North,QLD,2026-09-18 15:24:48
61401137,235.5,2026-09-18T04:41:25.79,Freedom Fuels Seven Hills,-27.479358,153.071094,110,4170,South,QLD,2026-09-18 15:24:48
61477886,235.5,2026-09-18T04:42:19.527,Freedom Fuels Kallangur,-27.254183,152.982414,110,4503,North,QLD,2026-09-18 15:24:48
61477751,215.9,2026-09-18T04:51:00,7-Eleven Tingalpa North,-27.467655,153.152472,113,4173,North,QLD,2026-09-18 15:24:48
61477856,235.5,2026-09-18T04:52:15.377,Freedom Fuels Geebung,-27.368481,153.048696,110,4034,North,QLD,2026-09-18 15:24:48
61401156,235.5,2026-09-18T04:52:16.39,Freedom Fuels Thorneside,-27.488687,153.194782,110,4158,South,QLD,2026-09-18 15:24:48
61402918,231.5,2026-09-18T04:53:12.563,Freedom Fuels Loganholme,-27.689581,153.190423,110,4129,South,QLD,2026-09-18 15:24:48
61401951,235.9,2026-09-18T04:57:00,EG Ampol Mount Cotton,-27.561251,153.197803,3421073,4157,South,QLD,2026-09-18 15:24:48
61401599,225.5,2026-09-18T05:00:08.443,Freedom Fuels Redbank Plains,-27.627512,152.874514,110,4301,South,QLD,2026-09-18 15:24:48
61401505,223.3,2026-09-18T05:00:16.647,United Yamanto,-27.6552275199991,152.74757596772153,23,4305,South,QLD,2026-09-18 15:24:48
61401421,225.5,2026-09-18T05:00:45.037,Freedom Fuels Inala,-27.577748,152.973748,110,4077,South,QLD,2026-09-18 15:24:48
61401132,227.9,2026-09-18T05:00:52,BP Stanley Street East,-27.488386,153.047595,5,4169,South,QLD,2026-09-18 15:24:48
61402816,241.9,2026-09-18T05:02:00,EG Ampol Springfield,-27.678856,152.904123,3421073,4300,South,QLD,2026-09-18 15:24:48
61402237,239.9,2026-09-18T05:02:00,EG Ampol Alexandra Hills,-27.525038,153.221226,3421073,4161,South,QLD,2026-09-18 15:24:48
61402254,239.9,2026-09-18T05:03:00,7-Eleven River Hills,-27.561775,152.921734,113,4074,South,QLD,2026-09-18 15:24:48
61401380,232.9,2026-09-18T05:03:00,7-Eleven Ashgrove,-27.445996,152.991244,113,4060,North,QLD,2026-09-18 15:24:48
61402234,239.9,2026-09-18T05:03:00,EG Ampol Booval,-27.616944,152.790529,3421073,4304,South,QLD,2026-09-18 15:24:48
61401543,237.9,2026-09-18T05:03:00,7-Eleven Kensington Hills,-27.296911,152.975214,113,4500,North,QLD,2026-09-18 15:24:48
61401729,235.5,2026-09-18T05:08:56.23,Freedom Fuels Victoria Point,-27.584835,153.301205,110,4165,South,QLD,2026-09-18 15:24:48
61402215,239.9,2026-09-18T05:10:18.717,BP Narangba,-27.186077,152.934985,5,4504,North,QLD,2026-09-18 15:24:48
61402220,233.9,2026-09-18T05:10:18.717,BP Hillcrest,-27.674462,153.027669,5,4118,South,QLD,2026-09-18 15:24:48
61402227,235.9,2026-09-18T05:10:18.717,BP Connect Bribie Island,-27.063878064409337,153.1555978687172,5,4507,North,QLD,2026-09-18 15:24:48
61402202,234.9,2026-09-18T05:10:18.717,BP Archerfield,-27.565677,152.998169,5,4108,South,QLD,2026-09-18 15:24:48
61401377,235.9,2026-09-18T05:10:18.717,BP The Gap,-27.446887,152.959528,5,4061,North,QLD,2026-09-18 15:24:48
61402245,235.9,2026-09-18T05:10:18.717,BP Capalaba South,-27.534996,153.206193,5,4157,South,QLD,2026-09-18 15:24:48
61401119,227.9,2026-09-18T05:10:18.717,BP East Brisbane,-27.479316,153.043606,5,4169,South,QLD,2026-09-18 15:24:48
61401106,235.9,2026-09-18T05:10:18.717,BP Newstead,-27.452584,153.041807,5,4006,North,QLD,2026-09-18 15:24:48
61401373,228.9,2026-09-18T05:10:18.717,BP Manly,-27.457538,153.178798,5,4179,North,QLD,2026-09-18 15:24:48
61401353,239.9,2026-09-18T05:10:18.717,BP Connect Hamilton,-27.439652,153.049148,5,4007,North,QLD,2026-09-18 15:24:48
61401347,236.9,2026-09-18T05:10:18.717,BP Windsor,-27.43604130193541,153.03187014847944,5,4030,North,QLD,2026-09-18 15:24:48
61401323,232.9,2026-09-18T05:10:18.717,BP Express Ashgrove,-27.439192,152.989914,5,4060,North,QLD,2026-09-18 15:24:48
61401307,239.9,2026-09-18T05:10:18.717,BP Ferny Grove,-27.402342,152.937156,5,4055,North,QLD,2026-09-18 15:24:48
61401298,243.9,2026-09-18T05:10:18.717,BP Northgate,-27.393208,153.072252,5,4013,North,QLD,2026-09-18 15:24:48
61401279,235.9,2026-09-18T05:10:18.717,BP Connect Virginia,-27.374203,153.061916,5,4014,North,QLD,2026-09-18 15:24:48
61401159,234.9,2026-09-18T05:10:18.717,BP Wellington Point,-27.487062,153.238493,5,4160,South,QLD,2026-09-18 15:24:48
61401939,241.9,2026-09-18T05:10:18.717,BP Express Goodna,-27.609654,152.902465,5,4300,South,QLD,2026-09-18 15:24:48
61401766,232.9,2026-09-18T05:10:18.717,BP Wacol Truck Stop,-27.593532,152.934594,5,4076,South,QLD,2026-09-18 15:24:48
61401906,229.9,2026-09-18T05:10:18.717,BP Express Eight Mile Plains,-27.575708,153.087955,5,4113,South,QLD,2026-09-18 15:24:48
61401546,233.9,2026-09-18T05:10:18.717,BP Connect Springwood,-27.622437,153.127984,5,4127,South,QLD,2026-09-18 15:24:48
61401544,236.9,2026-09-18T05:10:18.717,BP Connect Bowen Bridge,-27.44523630788419,153.02938104662704,5,4006,North,QLD,2026-09-18 15:24:48
61402345,239.9,2026-09-18T05:10:18.717,BP Connect Caboolture South,-27.123314,152.978186,5,4510,North,QLD,2026-09-18 15:24:48
61477645,234.9,2026-09-18T05:10:18.717,BP Logan Motorway East,-27.640169,153.010137,5,4110,South,QLD,2026-09-18 15:24:48
61477755,230.9,2026-09-18T05:10:18.717,BP Coopers Plains,-27.567265,153.024317,5,4108,South,QLD,2026-09-18 15:24:48
61477071,232.9,2026-09-18T05:10:18.717,BP Slacks Creek,-27.655874,153.162979,5,4127,South,QLD,2026-09-18 15:24:48
61402813,232.9,2026-09-18T05:10:18.717,BP Connect North Lakes,-27.241863,153.023055,5,4509,North,QLD,2026-09-18 15:24:48
61402348,239.9,2026-09-18T05:10:18.717,BP Connect Caboolture North,-27.124577,152.976285,5,4510,North,QLD,2026-09-18 15:24:48
61401926,235.5,2026-09-18T05:11:38.873,Freedom Fuels Karana Downs,-27.546897,152.822363,110,4306,South,QLD,2026-09-18 15:24:48
61477083,235.9,2026-09-18T05:15:06.5,United Crestmead,-27.697253410613996,153.08220271135957,23,4132,South,QLD,2026-09-18 15:24:48
61401964,223.5,2026-09-18T05:15:34.737,Freedom Fuels Eight Mile Plains,-27.578537,153.094318,110,4113,South,QLD,2026-09-18 15:24:48
61477972,221.5,2026-09-18T05:22:07.723,Freedom Fuels Darra South,-27.572239,152.960523,110,4076,South,QLD,2026-09-18 15:24:48
61401782,240.9,2026-09-18T05:22:17.85,Ampol Foodary Caboolture Travel Centre,-27.042111,152.975171,3421066,4510,North,QLD,2026-09-18 15:24:48
61401917,235.5,2026-09-18T05:22:21.113,Freedom Fuels Indooroopilly,-27.499065138785195,152.9674647949676,110,4068,South,QLD,2026-09-18 15:24:48
61477643,219.5,2026-09-18T05:22:28.02,Liberty Bellbird Park,-27.64697943754419,152.87264812212487,86,4300,South,QLD,2026-09-18 15:24:48
