site_id,name,suburb,price_cpl,fairness_score,rating,spatial_cluster,latitude,longitude,moran_p
61401106,Station Unknown,Unknown,196.5666666666667,-1.823366666666658,‚ö™ Fair Market,Neutral,-27.452584,153.041807,0.418
61401117,Station Unknown,Unknown,206.5666666666667,8.176633333333342,‚ö†Ô∏è Expensive,üü† Hot outlier (High-Low),-27.483891,153.020309,0.035
61401118,Station Unknown,Unknown,195.0666666666667,-3.323366666666658,‚úÖ Great Value,Neutral,-27.48469982543029,153.03976776686477,0.053
61401119,Station Unknown,Unknown,193.9,-4.4900333333333435,‚úÖ Great Value,Neutral,-27.479316,153.043606,0.122
61401124,Station Unknown,Unknown,196.23333333333335,-2.1567000000000007,‚úÖ Super Value,üü¢ Cold Spot (Low-Low),-27.490753,153.040153,0.042
61401126,Station Unknown,Unknown,206.4,8.009966666666656,‚ö†Ô∏è Expensive,Neutral,-27.467628,153.007504,0.104
61401128,Station Unknown,Unknown,205.9,7.5099666666666565,‚ö†Ô∏è Expensive,Neutral,-27.452187,153.062044,0.315
61401131,Station Unknown,Unknown,205.5666666666667,7.176633333333342,‚ö†Ô∏è Expensive,Neutral,-27.472155835233437,153.05947272883606,0.49
61401132,Station Unknown,Unknown,197.0666666666667,-1.323366666666658,‚ö™ Fair Market,Neutral,-27.488386,153.047595,0.118
61401134,Station Unknown,Unknown,205.0666666666667,6.676633333333342,‚ö†Ô∏è Expensive,Neutral,-27.491978,153.064833,0.309
61401136,Station Unknown,Unknown,206.0666666666667,7.676633333333342,‚ö†Ô∏è Expensive,Neutral,-27.483909,153.063748,0.348
61401137,Station Unknown,Unknown,191.23333333333335,-7.156700000000001,‚úÖ Great Value,Neutral,-27.479358,153.071094,0.443
61401138,Station Unknown,Unknown,205.9,7.5099666666666565,‚ö†Ô∏è Expensive,Neutral,-27.492781,153.082664,0.398
61401140,Station Unknown,Unknown,205.4,7.0099666666666565,‚ö†Ô∏è Expensive,Neutral,-27.46640548892771,153.07819476837022,0.09
61401142,Station Unknown,Unknown,205.4,7.0099666666666565,‚ö†Ô∏è Expensive,Neutral,-27.466503,153.079198,0.09
61401147,Station Unknown,Unknown,204.23333333333335,5.843299999999999,‚ùå Rip-off Zone,üî¥ Hot Spot (High-High),-27.469816,153.095634,0.011
61401148,Station Unknown,Unknown,202.73333333333335,4.343299999999999,‚ùå Rip-off Zone,üî¥ Hot Spot (High-High),-27.471389,153.095619,0.011
61401149,Station Unknown,Unknown,202.23333333333335,3.8432999999999993,‚ö†Ô∏è Expensive,Neutral,-27.474597374792506,153.12096549570083,0.052
61401155,Station Unknown,Unknown,205.9,7.5099666666666565,‚ùå Rip-off Zone,üî¥ Hot Spot (High-High),-27.505555,153.099646,0.01
61401156,Station Unknown,Unknown,191.1,-7.290033333333355,‚úÖ Great Value,Neutral,-27.488687,153.194782,0.332
61401157,Station Unknown,Unknown,208.5666666666667,10.176633333333342,‚ö†Ô∏è Expensive,Neutral,-27.494931,153.212762,0.305
61401159,Station Unknown,Unknown,200.23333333333335,1.8432999999999993,‚ö™ Fair Market,Neutral,-27.487062,153.238493,0.363
61401160,Station Unknown,Unknown,201.0666666666667,2.676633333333342,‚ö†Ô∏è Expensive,Neutral,-27.523907,153.258759,0.439
61401167,Station Unknown,Unknown,204.5666666666667,6.176633333333342,‚ö†Ô∏è Expensive,Neutral,-27.507802,152.948185,0.174
61401170,Station Unknown,Unknown,204.73333333333335,6.343299999999999,‚ö†Ô∏è Expensive,Neutral,-27.504769592318205,152.96077843320464,0.176
61401172,Station Unknown,Unknown,206.4,8.009966666666656,‚ö†Ô∏è Expensive,üü† Hot outlier (High-Low),-27.491609,152.994039,0.002
61401173,Station Unknown,Unknown,197.9,-0.49003333333334353,‚ö™ Fair Market,Neutral,-27.499530327092497,152.9754396405449,0.251
61401177,Station Unknown,Unknown,207.0666666666667,8.676633333333342,‚ö†Ô∏è Expensive,üü† Hot outlier (High-Low),-27.521931,152.980164,0.008
61401180,Station Unknown,Unknown,184.23333333333335,-14.1567,‚úÖ Super Value,üü¢ Cold Spot (Low-Low),-27.532831,152.983247,0.001
61401183,Station Unknown,Unknown,170.4,-27.990033333333344,‚úÖ Super Value,üü¢ Cold Spot (Low-Low),-27.512236,153.032024,0.003
61401185,Station Unknown,Unknown,210.23333333333335,11.8433,‚ö†Ô∏è Expensive,üü† Hot outlier (High-Low),-27.508609,153.025429,0.006
61401188,Station Unknown,Unknown,210.0666666666667,11.676633333333342,‚ö†Ô∏è Expensive,üü† Hot outlier (High-Low),-27.519285,153.015135,0.001
61401189,Station Unknown,Unknown,193.73333333333335,-4.656700000000001,‚úÖ Super Value,üü¢ Cold Spot (Low-Low),-27.524123,153.023568,0.001
61401195,Station Unknown,Unknown,194.4,-3.9900333333333435,‚úÖ Super Value,üü¢ Cold Spot (Low-Low),-27.539627,153.022022,0.001
61401197,Station Unknown,Unknown,165.86666666666667,-32.523366666666675,‚úÖ Super Value,üü¢ Cold Spot (Low-Low),-27.538641,153.005432,0.001
61401199,Station Unknown,Unknown,196.0666666666667,-2.323366666666658,‚úÖ Great Value,Neutral,-27.502373,153.045544,0.058
61401200,Station Unknown,Unknown,173.66666666666666,-24.723366666666692,‚úÖ Super Value,üü¢ Cold Spot (Low-Low),-27.504612,153.040209,0.021
61401206,Station Unknown,Unknown,184.9,-13.490033333333344,‚úÖ Great Value,Neutral,-27.696645,153.038101,0.366
61401210,Station Unknown,Unknown,208.5666666666667,10.176633333333342,‚ö†Ô∏è Expensive,Neutral,-27.515107,153.072439,0.395
61401212,Station Unknown,Unknown,188.9,-9.490033333333344,‚úÖ Great Value,Neutral,-27.529893329941103,153.07154507422237,0.457
61401218,Station Unknown,Unknown,184.0,-14.39003333333335,‚úÖ Great Value,üîµ Cold outlier (Low-High),-27.199148,153.032128,0.049
61401224,Station Unknown,Unknown,205.73333333333335,7.343299999999999,‚ö†Ô∏è Expensive,Neutral,-27.226826,153.084902,0.068
61401225,Station Unknown,Unknown,178.83333333333334,-19.556700000000006,‚úÖ Super Value,üü¢ Cold Spot (Low-Low),-27.241169,153.086872,0.043
61401227,Station Unknown,Unknown,176.9,-21.490033333333344,‚úÖ Great Value,Neutral,-27.222051,153.110819,0.067
61401228,Station Unknown,Unknown,205.4,7.0099666666666565,‚ö†Ô∏è Expensive,üü† Hot outlier (High-Low),-27.230354,153.109317,0.019
61401229,Station Unknown,Unknown,205.0666666666667,6.676633333333342,‚ö†Ô∏è Expensive,üü† Hot outlier (High-Low),-27.229577,153.102033,0.019
61401234,Station Unknown,Unknown,193.4,-4.9900333333333435,‚úÖ Super Value,üü¢ Cold Spot (Low-Low),-27.257355,153.086063,0.03
61401235,Station Unknown,Unknown,178.5666666666667,-19.823366666666658,‚úÖ Great Value,Neutral,-27.255871,153.094417,0.063
61401238,Station Unknown,Unknown,195.0666666666667,-3.323366666666658,‚úÖ Great Value,üîµ Cold outlier (Low-High),-27.254478,152.982078,0.008
61401246,Station Unknown,Unknown,206.5666666666667,8.176633333333342,‚ùå Rip-off Zone,üî¥ Hot Spot (High-High),-27.307774,152.990528,0.039
61401249,Station Unknown,Unknown,206.9,8.509966666666656,‚ùå Rip-off Zone,üî¥ Hot Spot (High-High),-27.337933,152.960099,0.012
61401250,Station Unknown,Unknown,205.73333333333335,7.343299999999999,‚ö†Ô∏è Expensive,Neutral,-27.319376,153.006967,0.097
61401252,Station Unknown,Unknown,169.66666666666666,-28.723366666666692,‚úÖ Super Value,üü¢ Cold Spot (Low-Low),-27.319382,153.040903,0.001
61401254,Station Unknown,Unknown,172.9,-25.490033333333344,‚úÖ Super Value,üü¢ Cold Spot (Low-Low),-27.325029,153.059461,0.001
61401255,Station Unknown,Unknown,171.73333333333335,-26.6567,‚úÖ Super Value,üü¢ Cold Spot (Low-Low),-27.321786,153.067499,0.001
61401257,Station Unknown,Unknown,198.73333333333335,0.3432999999999993,‚ö™ Fair Market,üü† Hot outlier (High-Low),-27.321088,153.067931,0.001
61401258,Station Unknown,Unknown,178.23333333333335,-20.1567,‚úÖ Super Value,üü¢ Cold Spot (Low-Low),-27.330999,153.041854,0.001
61401261,Station Unknown,Unknown,178.0666666666667,-20.323366666666658,‚úÖ Super Value,üü¢ Cold Spot (Low-Low),-27.334055,153.059565,0.001
61401263,Station Unknown,Unknown,176.9,-21.490033333333344,‚úÖ Super Value,üü¢ Cold Spot (Low-Low),-27.366786,153.037181,0.038
61401264,Station Unknown,Unknown,205.4,7.0099666666666565,‚ö†Ô∏è Expensive,üü† Hot outlier (High-Low),-27.358443,153.017037,0.023
61401265,Station Unknown,Unknown,206.23333333333335,7.843299999999999,‚ö†Ô∏è Expensive,üü† Hot outlier (High-Low),-27.359961,153.016587,0.036
61401272,Station Unknown,Unknown,206.9,8.509966666666656,‚ö†Ô∏è Expensive,Neutral,-27.391747,153.011652,0.111
61401276,Station Unknown,Unknown,203.0666666666667,4.676633333333342,‚ö†Ô∏è Expensive,üü† Hot outlier (High-Low),-27.364758,153.026257,0.04
61401279,Station Unknown,Unknown,188.73333333333335,-9.6567,‚úÖ Super Value,üü¢ Cold Spot (Low-Low),-27.374203,153.061916,0.04
61401280,Station Unknown,Unknown,203.9,5.5099666666666565,‚ö†Ô∏è Expensive,Neutral,-27.374166,153.035974,0.097
61401281,Station Unknown,Unknown,205.4,7.0099666666666565,‚ö†Ô∏è Expensive,Neutral,-27.375007,153.024566,0.262
61401282,Station Unknown,Unknown,197.73333333333335,-0.6567000000000007,‚ö™ Fair Market,Neutral,-27.379293,153.046309,0.195
61401288,Station Unknown,Unknown,183.4,-14.990033333333344,‚úÖ Great Value,Neutral,-27.391946,153.058897,0.373
61401291,Station Unknown,Unknown,205.5666666666667,7.176633333333342,‚ö†Ô∏è Expensive,Neutral,-27.398473,153.059252,0.293
61401292,Station Unknown,Unknown,203.23333333333335,4.843299999999999,‚ö†Ô∏è Expensive,Neutral,-27.380227,153.022597,0.49
61401296,Station Unknown,Unknown,187.0,-11.39003333333335,‚úÖ Great Value,Neutral,-27.386791,153.087063,0.492
61401298,Station Unknown,Unknown,203.5666666666667,5.176633333333342,‚ö†Ô∏è Expensive,Neutral,-27.393208,153.072252,0.39
61401301,Station Unknown,Unknown,206.0666666666667,7.676633333333342,‚ùå Rip-off Zone,üî¥ Hot Spot (High-High),-27.396824,152.960709,0.002
61401302,Station Unknown,Unknown,195.15,-3.2400333333333435,‚úÖ Great Value,üîµ Cold outlier (Low-High),-27.397654,152.958951,0.001
61401307,Station Unknown,Unknown,203.5666666666667,5.176633333333342,‚ùå Rip-off Zone,üî¥ Hot Spot (High-High),-27.402342,152.937156,0.006
61401309,Station Unknown,Unknown,205.23333333333335,6.843299999999999,‚ùå Rip-off Zone,üî¥ Hot Spot (High-High),-27.401257,152.986898,0.002
61401316,Station Unknown,Unknown,208.73333333333335,10.3433,‚ùå Rip-off Zone,üî¥ Hot Spot (High-High),-27.409316,153.008034,0.048
61401323,Station Unknown,Unknown,199.23333333333335,0.8432999999999993,‚ö™ Fair Market,Neutral,-27.439192,152.989914,0.055
61401324,Station Unknown,Unknown,205.23333333333335,6.843299999999999,‚ùå Rip-off Zone,üî¥ Hot Spot (High-High),-27.438767,153.007379,0.046
61401325,Station Unknown,Unknown,199.53333333333333,1.1432999999999822,‚ö™ Fair Market,Neutral,-27.445435,153.008589,0.072
61401328,Station Unknown,Unknown,205.5666666666667,7.176633333333342,‚ö†Ô∏è Expensive,Neutral,-27.40208501541335,153.031880046627,0.106
61401329,Station Unknown,Unknown,202.0666666666667,3.676633333333342,‚ö†Ô∏è Expensive,Neutral,-27.407241,153.032891,0.113
61401330,Station Unknown,Unknown,191.73333333333335,-6.656700000000001,‚úÖ Great Value,Neutral,-27.408291,153.047525,0.18
61401334,Station Unknown,Unknown,206.4,8.009966666666656,‚ö†Ô∏è Expensive,Neutral,-27.411093,153.023635,0.144
61401341,Station Unknown,Unknown,207.9,9.509966666666656,‚ö†Ô∏è Expensive,Neutral,-27.427403,153.050405,0.06
61401343,Station Unknown,Unknown,192.69999999999996,-5.690033333333389,‚úÖ Great Value,Neutral,-27.424641,153.014052,0.06
61401344,Station Unknown,Unknown,207.0333333333333,8.643299999999954,‚ö†Ô∏è Expensive,Neutral,-27.426624,153.017032,0.066
61401347,Station Unknown,Unknown,197.23333333333335,-1.1567000000000007,‚ö™ Fair Market,Neutral,-27.43604130193541,153.03187014847944,0.061
61401348,Station Unknown,Unknown,182.54999999999998,-15.840033333333366,‚úÖ Great Value,Neutral,-27.425953,153.032041,0.081
61401349,Station Unknown,Unknown,203.5666666666667,5.176633333333342,‚ö†Ô∏è Expensive,Neutral,-27.4289939652634,153.036903,0.103
61401353,Station Unknown,Unknown,197.9,-0.49003333333334353,‚ö™ Fair Market,Neutral,-27.439652,153.049148,0.407
61401357,Station Unknown,Unknown,211.0666666666667,12.676633333333342,‚ö†Ô∏è Expensive,Neutral,-27.428241,153.062278,0.1
61401359,Station Unknown,Unknown,205.0666666666667,6.676633333333342,‚ö†Ô∏è Expensive,Neutral,-27.434674,153.079056,0.166
61401365,Station Unknown,Unknown,194.5666666666667,-3.823366666666658,‚úÖ Great Value,Neutral,-27.443116,153.143691,0.172
61401366,Station Unknown,Unknown,196.9,-1.4900333333333435,‚ö™ Fair Market,Neutral,-27.443582,153.157939,0.261
61401367,Station Unknown,Unknown,208.9,10.509966666666656,‚ö†Ô∏è Expensive,Neutral,-27.459016,153.151452,0.221
61401371,Station Unknown,Unknown,186.9,-11.490033333333344,‚úÖ Great Value,Neutral,-27.45463473648407,153.16652018650822,0.24
61401373,Station Unknown,Unknown,206.5666666666667,8.176633333333342,‚ö†Ô∏è Expensive,Neutral,-27.457538,153.178798,0.328
61401375,Station Unknown,Unknown,205.4,7.0099666666666565,‚ùå Rip-off Zone,üî¥ Hot Spot (High-High),-27.442904,152.943808,0.021
61401377,Station Unknown,Unknown,204.23333333333335,5.843299999999999,‚ùå Rip-off Zone,üî¥ Hot Spot (High-High),-27.446887,152.959528,0.048
61401380,Station Unknown,Unknown,200.73333333333335,2.3432999999999993,‚ùå Rip-off Zone,üî¥ Hot Spot (High-High),-27.445996,152.991244,0.034
61401382,Station Unknown,Unknown,204.0666666666667,5.676633333333342,‚ö†Ô∏è Expensive,Neutral,-27.446283,152.997578,0.103
61401386,Station Unknown,Unknown,197.9,-0.49003333333334353,‚ö™ Fair Market,Neutral,-27.459076,152.998383,0.457
61401391,Station Unknown,Unknown,206.4,8.009966666666656,‚ö†Ô∏è Expensive,Neutral,-27.478292616581157,152.98579629447744,0.361
61401393,Station Unknown,Unknown,207.5666666666667,9.176633333333342,‚ö†Ô∏è Expensive,Neutral,-27.473913230061896,153.00392841104505,0.065
61401398,Station Unknown,Unknown,205.0666666666667,6.676633333333342,‚ö†Ô∏è Expensive,Neutral,-27.542090460066003,153.082005,0.072
61401399,Station Unknown,Unknown,206.4,8.009966666666656,‚ö†Ô∏è Expensive,Neutral,-27.531577,153.093146,0.057
61401409,Station Unknown,Unknown,199.23333333333335,0.8432999999999993,‚ö™ Fair Market,Neutral,-27.548071,153.265178,0.197
61401411,Station Unknown,Unknown,211.4,13.009966666666656,‚ö†Ô∏è Expensive,Neutral,-27.536514,152.941898,0.239
61401413,Station Unknown,Unknown,208.5666666666667,10.176633333333342,‚ùå Rip-off Zone,üî¥ Hot Spot (High-High),-27.556355,152.914572,0.023
61401417,Station Unknown,Unknown,202.9,4.5099666666666565,‚ö†Ô∏è Expensive,üü† Hot outlier (High-Low),-27.553377,152.979052,0.001
61401421,Station Unknown,Unknown,175.23333333333335,-23.1567,‚úÖ Super Value,üü¢ Cold Spot (Low-Low),-27.577748,152.973748,0.006
61401422,Station Unknown,Unknown,204.9,6.5099666666666565,‚ö†Ô∏è Expensive,üü† Hot outlier (High-Low),-27.579387,152.974637,0.001
61401426,Station Unknown,Unknown,175.0666666666667,-23.323366666666658,‚úÖ Super Value,üü¢ Cold Spot (Low-Low),-27.558051,153.015628,0.001
61401427,Station Unknown,Unknown,163.23333333333335,-35.1567,‚úÖ Super Value,üü¢ Cold Spot (Low-Low),-27.558117,153.006258,0.001
61401428,Station Unknown,Unknown,209.23333333333335,10.8433,‚ö†Ô∏è Expensive,üü† Hot outlier (High-Low),-27.560256,153.000988,0.001
61401431,Station Unknown,Unknown,211.5666666666667,13.176633333333342,‚ö†Ô∏è Expensive,üü† Hot outlier (High-Low),-27.545888,153.038591,0.001
61401436,Station Unknown,Unknown,200.73333333333335,2.3432999999999993,‚ö†Ô∏è Expensive,Neutral,-27.566916,153.064574,0.332
61401438,Station Unknown,Unknown,202.9,4.5099666666666565,‚ö†Ô∏è Expensive,Neutral,-27.575889,153.062992,0.359
61401440,Station Unknown,Unknown,178.5,-19.89003333333335,‚úÖ Great Value,Neutral,-27.57032397205679,153.055617,0.058
61401441,Station Unknown,Unknown,198.33333333333334,-0.05670000000000641,‚úÖ Super Value,üü¢ Cold Spot (Low-Low),-27.589068,153.027286,0.002
61401444,Station Unknown,Unknown,193.23333333333335,-5.156700000000001,‚úÖ Super Value,üü¢ Cold Spot (Low-Low),-27.575428,153.039586,0.001
61401445,Station Unknown,Unknown,203.4,5.0099666666666565,‚ö†Ô∏è Expensive,Neutral,-27.556364,153.089765,0.399
61401446,Station Unknown,Unknown,201.23333333333335,2.8432999999999993,‚ö†Ô∏è Expensive,Neutral,-27.561518,153.089268,0.443
61401447,Station Unknown,Unknown,200.4,2.0099666666666565,‚ö†Ô∏è Expensive,Neutral,-27.562252,153.074394,0.347
61401448,Station Unknown,Unknown,203.73333333333335,5.343299999999999,‚ö†Ô∏è Expensive,Neutral,-27.561152,153.078726,0.415
61401450,Station Unknown,Unknown,205.0666666666667,6.676633333333342,‚ö†Ô∏è Expensive,Neutral,-27.575212,153.091639,0.112
61401453,Station Unknown,Unknown,166.25,-32.14003333333335,‚úÖ Super Value,üü¢ Cold Spot (Low-Low),-27.598823,153.109346,0.027
61401457,Station Unknown,Unknown,207.73333333333335,9.3433,‚ö†Ô∏è Expensive,Neutral,-27.603119,152.761629,0.448
61401460,Station Unknown,Unknown,205.0666666666667,6.676633333333342,‚ö†Ô∏è Expensive,Neutral,-27.598004,152.832107,0.061
61401461,Station Unknown,Unknown,192.23333333333335,-6.156700000000001,‚úÖ Great Value,üîµ Cold outlier (Low-High),-27.601119,152.826338,0.017
61401462,Station Unknown,Unknown,205.73333333333335,7.343299999999999,‚ùå Rip-off Zone,üî¥ Hot Spot (High-High),-27.608598,152.897931,0.007
61401471,Station Unknown,Unknown,205.5666666666667,7.176633333333342,‚ö†Ô∏è Expensive,Neutral,-27.612647,153.039653,0.129
61401472,Station Unknown,Unknown,206.0666666666667,7.676633333333342,‚ö†Ô∏è Expensive,üü† Hot outlier (High-Low),-27.61142680060479,153.0635548637543,0.007
61401473,Station Unknown,Unknown,174.9,-23.490033333333344,‚úÖ Super Value,üü¢ Cold Spot (Low-Low),-27.624443,153.116876,0.007
61401477,Station Unknown,Unknown,202.5666666666667,4.176633333333342,‚ö†Ô∏è Expensive,üü† Hot outlier (High-Low),-27.61011953521952,153.12405772883605,0.001
61401478,Station Unknown,Unknown,202.23333333333335,3.8432999999999993,‚ö†Ô∏è Expensive,üü† Hot outlier (High-Low),-27.63364586120715,153.13148941964337,0.006
61401479,Station Unknown,Unknown,191.5666666666667,-6.823366666666658,‚úÖ Super Value,üü¢ Cold Spot (Low-Low),-27.619142,153.104903,0.002
61401480,Station Unknown,Unknown,202.9,4.5099666666666565,‚ö†Ô∏è Expensive,Neutral,-27.644857,153.153469,0.067
61401483,Station Unknown,Unknown,205.0666666666667,6.676633333333342,‚ö†Ô∏è Expensive,üü† Hot outlier (High-Low),-27.641222,153.107393,0.009
61401485,Station Unknown,Unknown,203.5666666666667,5.176633333333342,‚ö†Ô∏è Expensive,Neutral,-27.637353,153.239623,0.205
61401487,Station Unknown,Unknown,182.4,-15.990033333333344,‚úÖ Great Value,Neutral,-27.606017,153.288087,0.099
61401492,Station Unknown,Unknown,177.53333333333333,-20.856700000000018,‚úÖ Great Value,Neutral,-27.619048,152.749764,0.381
61401496,Station Unknown,Unknown,205.5666666666667,7.176633333333342,‚ö†Ô∏è Expensive,Neutral,-27.627612,152.743589,0.275
61401497,Station Unknown,Unknown,177.0666666666667,-21.323366666666658,‚úÖ Great Value,Neutral,-27.64406360751769,152.75105032638933,0.455
61401500,Station Unknown,Unknown,205.5666666666667,7.176633333333342,‚ö†Ô∏è Expensive,Neutral,-27.613641,152.792314,0.18
61401502,Station Unknown,Unknown,182.33333333333334,-16.056700000000006,‚úÖ Great Value,Neutral,-27.621481,152.789444,0.294
61401505,Station Unknown,Unknown,176.23333333333335,-22.1567,‚úÖ Great Value,Neutral,-27.6552275199991,152.74757596772153,0.319
61401506,Station Unknown,Unknown,212.5666666666667,14.176633333333342,‚ö†Ô∏è Expensive,Neutral,-27.660285,152.740233,0.141
61401507,Station Unknown,Unknown,206.0666666666667,7.676633333333342,‚ö†Ô∏è Expensive,Neutral,-27.660171,152.739296,0.164
61401508,Station Unknown,Unknown,206.5666666666667,8.176633333333342,‚ùå Rip-off Zone,üî¥ Hot Spot (High-High),-27.644962,152.871677,0.001
61401510,Station Unknown,Unknown,172.15,-26.240033333333344,‚úÖ Great Value,Neutral,-27.658841,153.116903,0.079
61401512,Station Unknown,Unknown,204.73333333333335,6.343299999999999,‚ö†Ô∏è Expensive,Neutral,-27.680481,153.114522,0.232
61401514,Station Unknown,Unknown,206.0666666666667,7.676633333333342,‚ö†Ô∏è Expensive,Neutral,-27.691549,153.134431,0.196
61401517,Station Unknown,Unknown,206.23333333333335,7.843299999999999,‚ö†Ô∏è Expensive,Neutral,-27.663192,153.177483,0.4
61401523,Station Unknown,Unknown,204.4,6.0099666666666565,‚ö†Ô∏è Expensive,üü† Hot outlier (High-Low),-27.342121,153.010681,0.021
61401524,Station Unknown,Unknown,168.9,-29.490033333333344,‚úÖ Great Value,Neutral,-27.52262732061367,153.2196999651111,0.246
61401530,Station Unknown,Unknown,203.73333333333335,5.343299999999999,‚ö†Ô∏è Expensive,Neutral,-27.496996,153.055324,0.095
61401531,Station Unknown,Unknown,210.5666666666667,12.176633333333342,‚ö†Ô∏è Expensive,Neutral,-27.521101,153.211992,0.487
61401534,Station Unknown,Unknown,201.73333333333335,3.3432999999999993,‚ö†Ô∏è Expensive,üü† Hot outlier (High-Low),-27.595573,153.121562,0.003
61401535,Station Unknown,Unknown,206.5666666666667,8.176633333333342,‚ö†Ô∏è Expensive,Neutral,-27.632655,153.047203,0.435
61401537,Station Unknown,Unknown,198.0666666666667,-0.3233666666666579,‚úÖ Super Value,üü¢ Cold Spot (Low-Low),-27.369917,153.061735,0.012
61401541,Station Unknown,Unknown,201.0666666666667,2.676633333333342,‚ö†Ô∏è Expensive,Neutral,-27.438408,153.066889,0.127
61401543,Station Unknown,Unknown,203.0666666666667,4.676633333333342,‚ùå Rip-off Zone,üî¥ Hot Spot (High-High),-27.296911,152.975214,0.033
61401544,Station Unknown,Unknown,197.23333333333335,-1.1567000000000007,‚ö™ Fair Market,Neutral,-27.44523630788419,153.02938104662704,0.281
61401545,Station Unknown,Unknown,192.76666666666665,-5.623366666666698,‚úÖ Great Value,Neutral,-27.536391,153.087947,0.09
61401546,Station Unknown,Unknown,192.9,-5.4900333333333435,‚úÖ Super Value,üü¢ Cold Spot (Low-Low),-27.622437,153.127984,0.004
61401547,Station Unknown,Unknown,204.4,6.0099666666666565,‚ö†Ô∏è Expensive,üü† Hot outlier (High-Low),-27.644668,153.118247,0.01
61401550,Station Unknown,Unknown,199.9,1.5099666666666565,‚ö™ Fair Market,üü† Hot outlier (High-Low),-27.580123,153.124691,0.002
61401551,Station Unknown,Unknown,205.23333333333335,6.843299999999999,‚ö†Ô∏è Expensive,Neutral,-27.507567,152.940427,0.291
61401554,Station Unknown,Unknown,203.23333333333335,4.843299999999999,‚ö†Ô∏è Expensive,üü† Hot outlier (High-Low),-27.526712,153.055956,0.011
61401555,Station Unknown,Unknown,167.0666666666667,-31.323366666666658,‚úÖ Super Value,üü¢ Cold Spot (Low-Low),-27.627909,153.117731,0.007
61401560,Station Unknown,Unknown,198.9,0.5099666666666565,‚ö™ Fair Market,Neutral,-27.410487,153.047567,0.199
61401561,Station Unknown,Unknown,193.65,-4.7400333333333435,‚úÖ Great Value,Neutral,-27.229066920171583,153.08538009325412,0.102
61401568,Station Unknown,Unknown,172.62,-25.770033333333345,‚úÖ Super Value,üü¢ Cold Spot (Low-Low),-27.595754,153.018264,0.003
61401569,Station Unknown,Unknown,195.65,-2.7400333333333435,‚úÖ Great Value,Neutral,-27.680743,153.092073,0.139
61401588,Station Unknown,Unknown,207.0666666666667,8.676633333333342,‚ö†Ô∏è Expensive,Neutral,-27.584259,153.281142,0.475
61401590,Station Unknown,Unknown,193.0,-5.390033333333349,‚úÖ Great Value,üîµ Cold outlier (Low-High),-27.435847,153.014906,0.033
61401591,Station Unknown,Unknown,203.9,5.5099666666666565,‚ùå Rip-off Zone,üî¥ Hot Spot (High-High),-27.226363,153.036006,0.044
61401599,Station Unknown,Unknown,193.1,-5.290033333333355,‚úÖ Great Value,üîµ Cold outlier (Low-High),-27.627512,152.874514,0.017
61401602,Station Unknown,Unknown,205.5666666666667,7.176633333333342,‚ö†Ô∏è Expensive,Neutral,-27.664021,153.063245,0.222
61401603,Station Unknown,Unknown,206.35,7.959966666666645,‚ö†Ô∏è Expensive,Neutral,-27.517268,153.183284,0.446
61401605,Station Unknown,Unknown,185.9,-12.490033333333344,‚úÖ Super Value,üü¢ Cold Spot (Low-Low),-27.522428,153.025696,0.001
61401606,Station Unknown,Unknown,184.5,-13.89003333333335,‚úÖ Great Value,Neutral,-27.205038,153.038413,0.169
61401613,Station Unknown,Unknown,184.5,-13.89003333333335,‚úÖ Great Value,Neutral,-27.53260236370942,153.26623918650816,0.469
61401616,Station Unknown,Unknown,205.5666666666667,7.176633333333342,‚ö†Ô∏è Expensive,Neutral,-27.664026,153.061551,0.259
61401620,Station Unknown,Unknown,175.9,-22.490033333333344,‚úÖ Great Value,Neutral,-27.663087497535884,153.17983496197124,0.149
61401621,Station Unknown,Unknown,185.73333333333335,-12.6567,‚úÖ Super Value,üü¢ Cold Spot (Low-Low),-27.620499,153.115408,0.001
61401625,Station Unknown,Unknown,163.85999999999999,-34.530033333333364,‚úÖ Super Value,üü¢ Cold Spot (Low-Low),-27.54085919169559,153.0089030932541,0.001
61401641,Station Unknown,Unknown,205.9,7.5099666666666565,‚ùå Rip-off Zone,üî¥ Hot Spot (High-High),-27.495853,153.093435,0.019
61401642,Station Unknown,Unknown,175.4,-22.990033333333344,‚úÖ Super Value,üü¢ Cold Spot (Low-Low),-27.065563,153.112506,0.004
61401643,Station Unknown,Unknown,206.73333333333335,8.3433,‚ö†Ô∏è Expensive,üü† Hot outlier (High-Low),-27.373408,152.886201,0.001
61401658,Station Unknown,Unknown,172.23333333333335,-26.1567,‚úÖ Super Value,üü¢ Cold Spot (Low-Low),-27.080478,153.173647,0.023
61401667,Station Unknown,Unknown,184.4,-13.990033333333344,‚úÖ Great Value,Neutral,-27.63233835956184,152.77083162577765,0.227
61401670,Station Unknown,Unknown,209.5666666666667,11.176633333333342,‚ùå Rip-off Zone,üî¥ Hot Spot (High-High),-27.600518,152.870193,0.044
61401676,Station Unknown,Unknown,202.73333333333335,4.343299999999999,‚ö†Ô∏è Expensive,Neutral,-27.491043,153.152854,0.112
61401680,Station Unknown,Unknown,207.0333333333333,8.643299999999954,‚ö†Ô∏è Expensive,Neutral,-27.426073,153.013055,0.069
61401682,Station Unknown,Unknown,208.5666666666667,10.176633333333342,‚ö†Ô∏è Expensive,Neutral,-27.579766,152.716439,0.376
61401683,Station Unknown,Unknown,210.4,12.009966666666656,‚ùå Rip-off Zone,üî¥ Hot Spot (High-High),-27.156263,152.977055,0.007
61401684,Station Unknown,Unknown,192.4,-5.9900333333333435,‚úÖ Super Value,üü¢ Cold Spot (Low-Low),-27.498485,153.027857,0.006
61401685,Station Unknown,Unknown,189.9,-8.490033333333344,‚úÖ Super Value,üü¢ Cold Spot (Low-Low),-27.524837,152.980789,0.002
61401687,Station Unknown,Unknown,206.4,8.009966666666656,‚ùå Rip-off Zone,üî¥ Hot Spot (High-High),-27.425202,152.990017,0.029
61401690,Station Unknown,Unknown,178.0666666666667,-20.323366666666658,‚úÖ Great Value,Neutral,-27.234738,153.087208,0.054
61401691,Station Unknown,Unknown,189.0,-9.39003333333335,‚úÖ Great Value,Neutral,-27.317652,152.987865,0.062
61401700,Station Unknown,Unknown,187.33333333333334,-11.056700000000006,‚úÖ Super Value,üü¢ Cold Spot (Low-Low),-27.588318,153.027937,0.004
61401701,Station Unknown,Unknown,189.9,-8.490033333333344,‚úÖ Great Value,Neutral,-27.588236,152.959092,0.462
61401703,Station Unknown,Unknown,181.83333333333334,-16.556700000000006,‚úÖ Super Value,üü¢ Cold Spot (Low-Low),-27.59451534349924,153.00412895337297,0.001
61401707,Station Unknown,Unknown,182.4,-15.990033333333344,‚úÖ Great Value,Neutral,-27.453052,153.011287,0.38
61401710,Station Unknown,Unknown,161.29999999999998,-37.090033333333366,‚úÖ Super Value,üü¢ Cold Spot (Low-Low),-27.546591,153.010459,0.001
61401711,Station Unknown,Unknown,176.4,-21.990033333333344,‚úÖ Great Value,Neutral,-27.662759,152.728866,0.221
61401718,Station Unknown,Unknown,172.19999999999996,-26.19003333333339,‚úÖ Super Value,üü¢ Cold Spot (Low-Low),-27.545176,153.020003,0.001
61401722,Station Unknown,Unknown,189.26666666666665,-9.123366666666698,‚úÖ Great Value,üîµ Cold outlier (Low-High),-27.606207,152.903825,0.002
61401723,Station Unknown,Unknown,198.23333333333335,-0.15670000000000073,‚ö™ Fair Market,Neutral,-27.531502,153.197563,0.435
61401725,Station Unknown,Unknown,207.4,9.009966666666656,‚ö†Ô∏è Expensive,Neutral,-27.604324,152.932499,0.208
61401727,Station Unknown,Unknown,208.23333333333335,9.8433,‚ö†Ô∏è Expensive,üü† Hot outlier (High-Low),-27.315559,153.061062,0.001
61401728,Station Unknown,Unknown,205.9,7.5099666666666565,‚ö†Ô∏è Expensive,üü† Hot outlier (High-Low),-27.514233,153.054808,0.044
61401729,Station Unknown,Unknown,194.0666666666667,-4.323366666666658,‚úÖ Great Value,Neutral,-27.584835,153.301205,0.291
61401730,Station Unknown,Unknown,166.5666666666667,-31.823366666666658,‚úÖ Great Value,Neutral,-27.455124731985503,153.0070409067459,0.291
61401733,Station Unknown,Unknown,213.9,15.509966666666656,‚ùå Rip-off Zone,üî¥ Hot Spot (High-High),-27.197201,152.984309,0.012
61401734,Station Unknown,Unknown,202.23333333333335,3.8432999999999993,‚ö†Ô∏è Expensive,üü† Hot outlier (High-Low),-27.633636,153.139502,0.003
61401737,Station Unknown,Unknown,181.83333333333334,-16.556700000000006,‚úÖ Super Value,üü¢ Cold Spot (Low-Low),-27.595968,152.987555,0.005
61401738,Station Unknown,Unknown,207.0666666666667,8.676633333333342,‚ö†Ô∏è Expensive,Neutral,-27.679856,153.087847,0.221
61401741,Station Unknown,Unknown,202.0666666666667,3.676633333333342,‚ö†Ô∏è Expensive,Neutral,-27.662509,153.048088,0.272
61401743,Station Unknown,Unknown,205.9,7.5099666666666565,‚ùå Rip-off Zone,üî¥ Hot Spot (High-High),-27.249189,153.000822,0.021
61401744,Station Unknown,Unknown,211.0666666666667,12.676633333333342,‚ö†Ô∏è Expensive,Neutral,-27.560198,152.935835,0.208
61401745,Station Unknown,Unknown,202.4,4.0099666666666565,‚ùå Rip-off Zone,üî¥ Hot Spot (High-High),-27.281581,152.983155,0.006
61401748,Station Unknown,Unknown,206.4,8.009966666666656,‚ö†Ô∏è Expensive,Neutral,-27.659537,153.168904,0.168
61401749,Station Unknown,Unknown,189.9,-8.490033333333344,‚úÖ Great Value,Neutral,-27.435613,153.041348,0.138
61401753,Station Unknown,Unknown,200.9,2.5099666666666565,‚ùå Rip-off Zone,üî¥ Hot Spot (High-High),-27.600625,152.883996,0.021
61401754,Station Unknown,Unknown,206.9,8.509966666666656,‚ö†Ô∏è Expensive,Neutral,-27.548472,153.107989,0.318
61401755,Station Unknown,Unknown,207.9,9.509966666666656,‚ö†Ô∏è Expensive,Neutral,-27.681393,153.114674,0.278
61401756,Station Unknown,Unknown,207.73333333333335,9.3433,‚ö†Ô∏è Expensive,Neutral,-27.596301,152.745933,0.334
61401758,Station Unknown,Unknown,182.0666666666667,-16.323366666666658,‚úÖ Super Value,üü¢ Cold Spot (Low-Low),-27.633736,153.119241,0.009
61401759,Station Unknown,Unknown,206.5666666666667,8.176633333333342,‚ö†Ô∏è Expensive,Neutral,-27.467323,153.154015,0.292
61401761,Station Unknown,Unknown,202.9,4.5099666666666565,‚ö†Ô∏è Expensive,Neutral,-27.493146,153.216292,0.422
61401766,Station Unknown,Unknown,204.23333333333335,5.843299999999999,‚ö†Ô∏è Expensive,Neutral,-27.593532,152.934594,0.107
61401768,Station Unknown,Unknown,204.9,6.5099666666666565,‚ö†Ô∏è Expensive,Neutral,-27.633441,152.756625,0.489
61401769,Station Unknown,Unknown,206.9,8.509966666666656,‚ùå Rip-off Zone,üî¥ Hot Spot (High-High),-27.345888,152.964409,0.023
61401770,Station Unknown,Unknown,199.0666666666667,0.6766333333333421,‚ö™ Fair Market,Neutral,-27.493179,153.168917,0.178
61401772,Station Unknown,Unknown,204.4,6.0099666666666565,‚ö†Ô∏è Expensive,üü† Hot outlier (High-Low),-27.640701,153.131201,0.008
61401773,Station Unknown,Unknown,202.23333333333335,3.8432999999999993,‚ö†Ô∏è Expensive,Neutral,-27.667011,153.139313,0.212
61401774,Station Unknown,Unknown,166.33333333333334,-32.056700000000006,‚úÖ Super Value,üü¢ Cold Spot (Low-Low),-27.557625,153.015262,0.001
61401775,Station Unknown,Unknown,204.9,6.5099666666666565,‚ùå Rip-off Zone,üî¥ Hot Spot (High-High),-27.562496,152.886875,0.035
61401777,Station Unknown,Unknown,166.83333333333334,-31.556700000000006,‚úÖ Super Value,üü¢ Cold Spot (Low-Low),-27.617782,153.094057,0.015
61401778,Station Unknown,Unknown,207.4,9.009966666666656,‚ùå Rip-off Zone,üî¥ Hot Spot (High-High),-27.634994,152.916347,0.011
61401779,Station Unknown,Unknown,202.5666666666667,4.176633333333342,‚ö†Ô∏è Expensive,Neutral,-27.535062,153.266974,0.275
61401780,Station Unknown,Unknown,194.9,-3.4900333333333435,‚úÖ Great Value,Neutral,-27.190235,153.018421,0.09
61401781,Station Unknown,Unknown,185.13333333333333,-13.256700000000023,‚úÖ Great Value,üîµ Cold outlier (Low-High),-27.290068,152.984536,0.018
61401782,Station Unknown,Unknown,203.5666666666667,5.176633333333342,‚ö†Ô∏è Expensive,Neutral,-27.042111,152.975171,0.223
61401856,Station Unknown,Unknown,194.5666666666667,-3.823366666666658,‚úÖ Great Value,Neutral,-27.007343,152.944651,0.478
61401858,Station Unknown,Unknown,202.9333333333333,4.5432999999999595,‚ùå Rip-off Zone,üî¥ Hot Spot (High-High),-27.079253,152.951795,0.012
61401861,Station Unknown,Unknown,203.13333333333333,4.7432999999999765,‚ùå Rip-off Zone,üî¥ Hot Spot (High-High),-27.084568,152.958178,0.012
61401862,Station Unknown,Unknown,207.73333333333335,9.3433,‚ö†Ô∏è Expensive,Neutral,-27.086965,152.980739,0.09
61401863,Station Unknown,Unknown,178.5666666666667,-19.823366666666658,‚úÖ Great Value,Neutral,-27.072802,153.025162,0.352
61401866,Station Unknown,Unknown,206.73333333333335,8.3433,‚ùå Rip-off Zone,üî¥ Hot Spot (High-High),-27.098137,152.94905576686477,0.019
61401868,Station Unknown,Unknown,205.0666666666667,6.676633333333342,‚ùå Rip-off Zone,üî¥ Hot Spot (High-High),-27.112363,152.950651,0.004
61401881,Station Unknown,Unknown,199.9,1.5099666666666565,‚ö™ Fair Market,üü† Hot outlier (High-Low),-27.595176,153.121695,0.005
61401886,Station Unknown,Unknown,192.66666666666666,-5.723366666666692,‚úÖ Great Value,Neutral,-27.602084,153.056501,0.119
61401887,Station Unknown,Unknown,207.4,9.009966666666656,‚ö†Ô∏è Expensive,Neutral,-27.524198,153.253795,0.476
61401888,Station Unknown,Unknown,204.73333333333335,6.343299999999999,‚ö†Ô∏è Expensive,Neutral,-27.597824,152.949918,0.374
61401894,Station Unknown,Unknown,202.4,4.0099666666666565,‚ùå Rip-off Zone,üî¥ Hot Spot (High-High),-27.281231,152.982252,0.012
61401899,Station Unknown,Unknown,207.23333333333335,8.8433,‚ùå Rip-off Zone,üî¥ Hot Spot (High-High),-27.628223,152.883713,0.014
61401905,Station Unknown,Unknown,204.0666666666667,5.676633333333342,‚ö†Ô∏è Expensive,Neutral,-27.596746,152.949854,0.368
61401906,Station Unknown,Unknown,191.9,-6.4900333333333435,‚úÖ Great Value,Neutral,-27.575708,153.087955,0.178
61401907,Station Unknown,Unknown,188.66666666666666,-9.723366666666692,‚úÖ Great Value,Neutral,-27.317756,153.009186,0.132
61401908,Station Unknown,Unknown,204.23333333333335,5.843299999999999,‚ö†Ô∏è Expensive,Neutral,-27.383445,153.064113,0.347
61401910,Station Unknown,Unknown,206.9,8.509966666666656,‚ö†Ô∏è Expensive,üü† Hot outlier (High-Low),-27.610975,153.067873,0.021
61401911,Station Unknown,Unknown,207.73333333333335,9.3433,‚ö†Ô∏è Expensive,Neutral,-27.572365,152.791976,0.152
61401912,Station Unknown,Unknown,181.96666666666667,-16.42336666666668,‚úÖ Super Value,üü¢ Cold Spot (Low-Low),-27.570459356616315,152.9810493558197,0.001
61401914,Station Unknown,Unknown,205.5666666666667,7.176633333333342,‚ö†Ô∏è Expensive,Neutral,-27.363889718122927,153.01311577315525,0.372
61401915,Station Unknown,Unknown,205.23333333333335,6.843299999999999,‚ùå Rip-off Zone,üî¥ Hot Spot (High-High),-27.415386,152.977543,0.01
61401916,Station Unknown,Unknown,187.33333333333334,-11.056700000000006,‚úÖ Super Value,üü¢ Cold Spot (Low-Low),-27.58043314307124,153.02631481719666,0.001
61401917,Station Unknown,Unknown,181.42000000000002,-16.970033333333333,‚úÖ Great Value,Neutral,-27.499065138785195,152.9674647949676,0.084
61401919,Station Unknown,Unknown,204.9,6.5099666666666565,‚ö†Ô∏è Expensive,üü† Hot outlier (High-Low),-27.642988,153.100369,0.008
61401921,Station Unknown,Unknown,179.6,-18.790033333333355,‚úÖ Super Value,üü¢ Cold Spot (Low-Low),-27.597516,153.109135,0.028
61401922,Station Unknown,Unknown,206.4,8.009966666666656,‚ùå Rip-off Zone,üî¥ Hot Spot (High-High),-27.085152,152.957808,0.014
61401923,Station Unknown,Unknown,202.73333333333335,4.343299999999999,‚ö†Ô∏è Expensive,Neutral,-27.475413,153.165772,0.098
61401924,Station Unknown,Unknown,206.23333333333335,7.843299999999999,‚ö†Ô∏è Expensive,Neutral,-27.326024,152.979019,0.09
61401926,Station Unknown,Unknown,193.5,-4.890033333333349,‚úÖ Great Value,üîµ Cold outlier (Low-High),-27.546897,152.822363,0.009
61401928,Station Unknown,Unknown,207.0666666666667,8.676633333333342,‚ö†Ô∏è Expensive,Neutral,-27.547407,153.128337,0.178
61401929,Station Unknown,Unknown,206.23333333333335,7.843299999999999,‚ùå Rip-off Zone,üî¥ Hot Spot (High-High),-27.499187,153.126507,0.004
61401930,Station Unknown,Unknown,208.23333333333335,9.8433,‚ö†Ô∏è Expensive,Neutral,-27.545381,153.121763,0.115
61401931,Station Unknown,Unknown,191.5666666666667,-6.823366666666658,‚úÖ Great Value,Neutral,-27.676512,153.024581,0.21
61401934,Station Unknown,Unknown,214.0666666666667,15.676633333333342,‚ùå Rip-off Zone,üî¥ Hot Spot (High-High),-27.264616,153.005048,0.04
61401938,Station Unknown,Unknown,174.5,-23.89003333333335,‚úÖ Great Value,Neutral,-27.521129,153.199215,0.361
61401939,Station Unknown,Unknown,203.73333333333335,5.343299999999999,‚ùå Rip-off Zone,üî¥ Hot Spot (High-High),-27.609654,152.902465,0.004
61401941,Station Unknown,Unknown,206.73333333333335,8.3433,‚ö†Ô∏è Expensive,Neutral,-27.446069,153.171941,0.488
61401943,Station Unknown,Unknown,201.9,3.5099666666666565,‚ö†Ô∏è Expensive,Neutral,-27.659403,153.028989,0.161
61401945,Station Unknown,Unknown,198.23333333333335,-0.15670000000000073,‚ö™ Fair Market,Neutral,-27.446338,153.042061,0.234
61401946,Station Unknown,Unknown,205.9,7.5099666666666565,‚ö†Ô∏è Expensive,Neutral,-27.679062,153.118267,0.271
61401951,Station Unknown,Unknown,206.9,8.509966666666656,‚ö†Ô∏è Expensive,Neutral,-27.561251,153.197803,0.232
61401954,Station Unknown,Unknown,207.23333333333335,8.8433,‚ö†Ô∏è Expensive,Neutral,-27.209295,153.042949,0.324
61401956,Station Unknown,Unknown,203.0666666666667,4.676633333333342,‚ö†Ô∏è Expensive,Neutral,-27.612973,152.798948,0.299
61401959,Station Unknown,Unknown,198.23333333333335,-0.15670000000000073,‚ö™ Fair Market,Neutral,-27.439346,153.030343,0.21
61401964,Station Unknown,Unknown,177.76666666666665,-20.623366666666698,‚úÖ Great Value,Neutral,-27.578537,153.094318,0.195
61402086,Station Unknown,Unknown,204.4,6.0099666666666565,‚ö†Ô∏è Expensive,üü† Hot outlier (High-Low),-27.640345,153.132893,0.005
61402090,Station Unknown,Unknown,206.0666666666667,7.676633333333342,‚ùå Rip-off Zone,üî¥ Hot Spot (High-High),-27.456902,153.105682,0.021
61402091,Station Unknown,Unknown,207.9,9.509966666666656,‚ö†Ô∏è Expensive,Neutral,-27.292016,152.954828,0.111
61402092,Station Unknown,Unknown,202.5666666666667,4.176633333333342,‚ö†Ô∏è Expensive,Neutral,-27.508734,153.207099,0.415
61402093,Station Unknown,Unknown,194.9,-3.4900333333333435,‚úÖ Great Value,Neutral,-27.662597,153.140557,0.172
61402094,Station Unknown,Unknown,207.23333333333335,8.8433,‚ùå Rip-off Zone,üî¥ Hot Spot (High-High),-27.09453583645176,152.9511927288361,0.022
61402095,Station Unknown,Unknown,175.73333333333335,-22.6567,‚úÖ Super Value,üü¢ Cold Spot (Low-Low),-27.330699,153.047457,0.001
61402096,Station Unknown,Unknown,205.0666666666667,6.676633333333342,‚ö†Ô∏è Expensive,Neutral,-27.584133,153.061878,0.076
61402097,Station Unknown,Unknown,196.4,-1.9900333333333435,‚ö™ Fair Market,Neutral,-27.377199,153.062259,0.108
61402098,Station Unknown,Unknown,185.9,-12.490033333333344,‚úÖ Great Value,Neutral,-27.673109458819063,153.05285839123795,0.213
61402099,Station Unknown,Unknown,205.9,7.5099666666666565,‚ö†Ô∏è Expensive,Neutral,-27.596076,153.28593,0.36
61402101,Station Unknown,Unknown,201.9,3.5099666666666565,‚ö†Ô∏è Expensive,üü† Hot outlier (High-Low),-27.591492,153.060381,0.041
61402106,Station Unknown,Unknown,205.5666666666667,7.176633333333342,‚ö†Ô∏è Expensive,üü† Hot outlier (High-Low),-27.244479,153.109334,0.019
61402107,Station Unknown,Unknown,202.73333333333335,4.343299999999999,‚ùå Rip-off Zone,üî¥ Hot Spot (High-High),-27.487654,153.100211,0.01
61402125,Station Unknown,Unknown,208.23333333333335,9.8433,‚ö†Ô∏è Expensive,üü† Hot outlier (High-Low),-27.575298,153.026169,0.001
61402127,Station Unknown,Unknown,207.4,9.009966666666656,‚ö†Ô∏è Expensive,Neutral,-27.273405,153.015282,0.081
61402131,Station Unknown,Unknown,173.65,-24.740033333333344,‚úÖ Great Value,Neutral,-27.66240225882411,153.11811118650817,0.159
61402132,Station Unknown,Unknown,195.9,-2.4900333333333435,‚úÖ Great Value,Neutral,-27.676907,153.031851,0.263
61402202,Station Unknown,Unknown,203.5666666666667,5.176633333333342,‚ö†Ô∏è Expensive,üü† Hot outlier (High-Low),-27.565677,152.998169,0.001
61402204,Station Unknown,Unknown,192.23333333333335,-6.156700000000001,‚úÖ Great Value,Neutral,-27.678754,153.021806,0.245
61402207,Station Unknown,Unknown,206.23333333333335,7.843299999999999,‚ö†Ô∏è Expensive,Neutral,-27.670532,153.200911,0.346
61402208,Station Unknown,Unknown,186.9,-11.490033333333344,‚úÖ Super Value,üü¢ Cold Spot (Low-Low),-27.330901,153.025787,0.004
61402209,Station Unknown,Unknown,205.4,7.0099666666666565,‚ö†Ô∏è Expensive,üü† Hot outlier (High-Low),-27.611024,153.062587,0.009
61402210,Station Unknown,Unknown,203.9,5.5099666666666565,‚ö†Ô∏è Expensive,Neutral,-27.223195,153.037501,0.091
61402211,Station Unknown,Unknown,206.5666666666667,8.176633333333342,‚ö†Ô∏è Expensive,Neutral,-27.550748,153.106439,0.472
61402212,Station Unknown,Unknown,204.9,6.5099666666666565,‚ö†Ô∏è Expensive,Neutral,-27.514796,153.181279,0.458
61402213,Station Unknown,Unknown,211.73333333333335,13.3433,‚ö†Ô∏è Expensive,Neutral,-27.623694,152.969352,0.365
61402214,Station Unknown,Unknown,206.0666666666667,7.676633333333342,‚ö†Ô∏è Expensive,Neutral,-27.661644,152.739343,0.171
61402215,Station Unknown,Unknown,207.73333333333335,9.3433,‚ö†Ô∏è Expensive,Neutral,-27.186077,152.934985,0.064
61402220,Station Unknown,Unknown,192.23333333333335,-6.156700000000001,‚úÖ Great Value,Neutral,-27.674462,153.027669,0.209
61402223,Station Unknown,Unknown,210.23333333333335,11.8433,‚ùå Rip-off Zone,üî¥ Hot Spot (High-High),-27.154423,152.974743,0.002
61402226,Station Unknown,Unknown,204.5666666666667,6.176633333333342,‚ùå Rip-off Zone,üî¥ Hot Spot (High-High),-27.44460750531628,152.952606,0.01
61402227,Station Unknown,Unknown,176.9,-21.490033333333344,‚úÖ Super Value,üü¢ Cold Spot (Low-Low),-27.063878064409337,153.1555978687172,0.003
61402231,Station Unknown,Unknown,200.33333333333334,1.9432999999999936,‚ö™ Fair Market,Neutral,-27.621151,152.787974,0.354
61402234,Station Unknown,Unknown,197.7,-0.6900333333333606,‚ö™ Fair Market,Neutral,-27.616944,152.790529,0.22
61402237,Station Unknown,Unknown,203.0666666666667,4.676633333333342,‚ö†Ô∏è Expensive,Neutral,-27.525038,153.221226,0.493
61402245,Station Unknown,Unknown,198.4,0.009966666666656465,‚ö™ Fair Market,Neutral,-27.534996,153.206193,0.499
61402246,Station Unknown,Unknown,209.5666666666667,11.176633333333342,‚ö†Ô∏è Expensive,Neutral,-27.663979,153.042319,0.293
61402247,Station Unknown,Unknown,187.5666666666667,-10.823366666666658,‚úÖ Great Value,Neutral,-27.678204,153.082353,0.074
61402254,Station Unknown,Unknown,210.9,12.509966666666656,‚ùå Rip-off Zone,üî¥ Hot Spot (High-High),-27.561775,152.921734,0.049
61402262,Station Unknown,Unknown,206.5666666666667,8.176633333333342,‚ùå Rip-off Zone,üî¥ Hot Spot (High-High),-27.645055,152.872371,0.006
61402338,Station Unknown,Unknown,207.73333333333335,9.3433,‚ö†Ô∏è Expensive,Neutral,-27.593686,152.745885,0.499
61402344,Station Unknown,Unknown,180.83333333333334,-17.556700000000006,‚úÖ Great Value,Neutral,-27.430687,153.133072,0.157
61402345,Station Unknown,Unknown,202.9,4.5099666666666565,‚ùå Rip-off Zone,üî¥ Hot Spot (High-High),-27.123314,152.978186,0.006
61402348,Station Unknown,Unknown,202.9,4.5099666666666565,‚ùå Rip-off Zone,üî¥ Hot Spot (High-High),-27.124577,152.976285,0.006
61402350,Station Unknown,Unknown,205.0666666666667,6.676633333333342,‚ö†Ô∏è Expensive,üü† Hot outlier (High-Low),-27.563861,153.039813,0.001
61402356,Station Unknown,Unknown,209.9,11.509966666666656,‚ùå Rip-off Zone,üî¥ Hot Spot (High-High),-27.417028,152.949281,0.008
61402359,Station Unknown,Unknown,202.5666666666667,4.176633333333342,‚ùå Rip-off Zone,üî¥ Hot Spot (High-High),-27.471036,153.104019,0.02
61402362,Station Unknown,Unknown,207.23333333333335,8.8433,‚ùå Rip-off Zone,üî¥ Hot Spot (High-High),-27.409841,152.981438,0.002
61402365,Station Unknown,Unknown,210.9,12.509966666666656,‚ö†Ô∏è Expensive,Neutral,-27.536357,152.948876,0.369
61402386,Station Unknown,Unknown,170.73333333333335,-27.6567,‚úÖ Super Value,üü¢ Cold Spot (Low-Low),-27.349745,153.038003,0.006
61402388,Station Unknown,Unknown,169.66666666666666,-28.723366666666692,‚úÖ Super Value,üü¢ Cold Spot (Low-Low),-27.328365,153.053801,0.001
61402390,Station Unknown,Unknown,190.9,-7.4900333333333435,‚úÖ Super Value,üü¢ Cold Spot (Low-Low),-27.572194,152.981702,0.001
61402391,Station Unknown,Unknown,206.23333333333335,7.843299999999999,‚ö†Ô∏è Expensive,Neutral,-27.672522,153.212491,0.376
61402392,Station Unknown,Unknown,204.9,6.5099666666666565,‚ö†Ô∏è Expensive,üü† Hot outlier (High-Low),-27.645186,153.118928,0.011
61402398,Station Unknown,Unknown,215.9,17.509966666666656,‚ö†Ô∏è Expensive,Neutral,-27.549542,152.941043,0.361
61402404,Station Unknown,Unknown,201.9,3.5099666666666565,‚ö†Ô∏è Expensive,üü† Hot outlier (High-Low),-27.260601,153.080001,0.023
61402405,Station Unknown,Unknown,200.23333333333335,1.8432999999999993,‚ö™ Fair Market,Neutral,-27.653823,152.995711,0.151
61402406,Station Unknown,Unknown,205.5666666666667,7.176633333333342,‚ö†Ô∏è Expensive,Neutral,-27.653447,152.762956,0.217
61402436,Station Unknown,Unknown,202.5666666666667,4.176633333333342,‚ö†Ô∏è Expensive,Neutral,-27.378158,153.093691,0.268
61402503,Station Unknown,Unknown,199.23333333333335,0.8432999999999993,‚ö™ Fair Market,üü† Hot outlier (High-Low),-27.038915,152.858752,0.001
61402678,Station Unknown,Unknown,205.9,7.5099666666666565,‚ö†Ô∏è Expensive,üü† Hot outlier (High-Low),-27.195955,152.825947,0.001
61402739,Station Unknown,Unknown,186.4333333333333,-11.95670000000004,‚úÖ Great Value,Neutral,-27.573428,153.078291,0.347
61402762,Station Unknown,Unknown,207.5666666666667,9.176633333333342,‚ùå Rip-off Zone,üî¥ Hot Spot (High-High),-27.571241,152.799327,0.042
61402765,Station Unknown,Unknown,180.3,-18.090033333333338,‚úÖ Great Value,üîµ Cold outlier (Low-High),-27.0876906682575,152.9803013852501,0.026
61402813,Station Unknown,Unknown,201.9,3.5099666666666565,‚ùå Rip-off Zone,üî¥ Hot Spot (High-High),-27.241863,153.023055,0.042
61402816,Station Unknown,Unknown,206.5666666666667,8.176633333333342,‚ùå Rip-off Zone,üî¥ Hot Spot (High-High),-27.678856,152.904123,0.003
61402830,Station Unknown,Unknown,205.9,7.5099666666666565,‚ö†Ô∏è Expensive,Neutral,-27.611892,153.054057,0.104
61402834,Station Unknown,Unknown,205.23333333333335,6.843299999999999,‚ùå Rip-off Zone,üî¥ Hot Spot (High-High),-27.42935179933878,152.98930968220904,0.038
61402844,Station Unknown,Unknown,195.15,-3.2400333333333435,‚úÖ Great Value,üîµ Cold outlier (Low-High),-27.242734,153.023984,0.03
61402845,Station Unknown,Unknown,191.9,-6.4900333333333435,‚úÖ Super Value,üü¢ Cold Spot (Low-Low),-27.606312,153.109055,0.004
61402847,Station Unknown,Unknown,206.5666666666667,8.176633333333342,‚ùå Rip-off Zone,üî¥ Hot Spot (High-High),-27.665500070157712,152.8910621898303,0.008
61402852,Station Unknown,Unknown,207.9,9.509966666666656,‚ö†Ô∏è Expensive,Neutral,-27.310281,152.962642,0.058
61402875,Station Unknown,Unknown,175.23333333333335,-23.1567,‚úÖ Great Value,Neutral,-27.062301,153.079179,0.07
61402876,Station Unknown,Unknown,210.23333333333335,11.8433,‚ö†Ô∏è Expensive,Neutral,-27.43935684389341,153.04003769940567,0.212
61402878,Station Unknown,Unknown,186.4,-11.990033333333344,‚úÖ Great Value,Neutral,-27.658941,152.708684,0.218
61402880,Station Unknown,Unknown,206.4,8.009966666666656,‚ö†Ô∏è Expensive,Neutral,-27.634495,152.774455,0.348
61402894,Station Unknown,Unknown,210.9,12.509966666666656,‚ö†Ô∏è Expensive,Neutral,-27.668834,153.125376,0.158
61402897,Station Unknown,Unknown,203.73333333333335,5.343299999999999,‚ùå Rip-off Zone,üî¥ Hot Spot (High-High),-27.250943,152.992977,0.02
61402908,Station Unknown,Unknown,206.9,8.509966666666656,‚ùå Rip-off Zone,üî¥ Hot Spot (High-High),-27.239449,153.009388,0.022
61402913,Station Unknown,Unknown,175.23333333333335,-23.1567,‚úÖ Great Value,üîµ Cold outlier (Low-High),-27.57635365510319,152.706416072422,0.02
61402918,Station Unknown,Unknown,178.9333333333333,-19.45670000000004,‚úÖ Great Value,Neutral,-27.689581,153.190423,0.296
61477061,Station Unknown,Unknown,207.5666666666667,9.176633333333342,‚ö†Ô∏è Expensive,Neutral,-27.587057,153.282657,0.468
61477070,Station Unknown,Unknown,205.73333333333335,7.343299999999999,‚ùå Rip-off Zone,üî¥ Hot Spot (High-High),-27.654489,152.917741,0.002
61477071,Station Unknown,Unknown,202.73333333333335,4.343299999999999,‚ö†Ô∏è Expensive,Neutral,-27.655874,153.162979,0.406
61477074,Station Unknown,Unknown,202.5666666666667,4.176633333333342,‚ö†Ô∏è Expensive,Neutral,-27.39546625032258,153.10765420391354,0.432
61477081,Station Unknown,Unknown,207.9,9.509966666666656,‚ö†Ô∏è Expensive,Neutral,-27.290927,152.953124,0.146
61477083,Station Unknown,Unknown,199.9,1.5099666666666565,‚ö™ Fair Market,Neutral,-27.697253410614,153.08220271135957,0.126
61477091,Station Unknown,Unknown,204.73333333333335,6.343299999999999,‚ùå Rip-off Zone,üî¥ Hot Spot (High-High),-27.220937,152.999794,0.045
61477099,Station Unknown,Unknown,179.23333333333335,-19.1567,‚úÖ Super Value,üü¢ Cold Spot (Low-Low),-27.128704843124694,153.0516013868227,0.001
61477129,Station Unknown,Unknown,202.9,4.5099666666666565,‚ö†Ô∏è Expensive,Neutral,-27.667831,153.138292,0.216
61477138,Station Unknown,Unknown,204.23333333333335,5.843299999999999,‚ö†Ô∏è Expensive,üü† Hot outlier (High-Low),-27.660149,153.117008,0.034
61477140,Station Unknown,Unknown,207.5666666666667,9.176633333333342,‚ö†Ô∏è Expensive,Neutral,-27.196842,153.015639,0.099
61477143,Station Unknown,Unknown,186.73333333333335,-11.6567,‚úÖ Super Value,üü¢ Cold Spot (Low-Low),-27.342366,153.041502,0.003
61477145,Station Unknown,Unknown,207.23333333333335,8.8433,‚ùå Rip-off Zone,üî¥ Hot Spot (High-High),-27.676267,152.900674,0.006
61477643,Station Unknown,Unknown,207.23333333333335,8.8433,‚ùå Rip-off Zone,üî¥ Hot Spot (High-High),-27.647183,152.872421,0.002
61477645,Station Unknown,Unknown,204.23333333333335,5.843299999999999,‚ö†Ô∏è Expensive,Neutral,-27.640169,153.010137,0.35
61477652,Station Unknown,Unknown,207.9,9.509966666666656,‚ö†Ô∏è Expensive,Neutral,-27.588524,152.821812,0.154
61477665,Station Unknown,Unknown,211.5666666666667,13.176633333333342,‚ö†Ô∏è Expensive,Neutral,-27.630712,152.986492,0.239
61477669,Station Unknown,Unknown,196.9,-1.4900333333333435,‚úÖ Super Value,üü¢ Cold Spot (Low-Low),-27.371366,153.062734,0.011
61477670,Station Unknown,Unknown,204.23333333333335,5.843299999999999,‚ö†Ô∏è Expensive,Neutral,-27.656816,152.746774,0.166
61477671,Station Unknown,Unknown,200.23333333333335,1.8432999999999993,‚ö™ Fair Market,üü† Hot outlier (High-Low),-27.564733,153.023797,0.001
61477675,Station Unknown,Unknown,206.4,8.009966666666656,‚ö†Ô∏è Expensive,Neutral,-27.687281,153.137458,0.26
61477685,Station Unknown,Unknown,209.9,11.509966666666656,‚ùå Rip-off Zone,üî¥ Hot Spot (High-High),-27.232713,152.992111,0.007
61477687,Station Unknown,Unknown,201.65,3.2599666666666565,‚ö†Ô∏è Expensive,Neutral,-27.085727,152.986338,0.063
61477691,Station Unknown,Unknown,159.73333333333332,-38.65670000000003,‚úÖ Super Value,üü¢ Cold Spot (Low-Low),-27.503935408699785,153.0348827811191,0.008
61477692,Station Unknown,Unknown,200.5666666666667,2.176633333333342,‚ö†Ô∏è Expensive,üü† Hot outlier (High-Low),-27.531673,153.016922,0.001
61477694,Station Unknown,Unknown,182.23333333333335,-16.1567,‚úÖ Great Value,Neutral,-27.618121,152.750201,0.415
61477695,Station Unknown,Unknown,201.0666666666667,2.676633333333342,‚ö†Ô∏è Expensive,üü† Hot outlier (High-Low),-27.537417,153.003541,0.001
61477696,Station Unknown,Unknown,206.23333333333335,7.843299999999999,‚ö†Ô∏è Expensive,Neutral,-27.524539,153.256024,0.389
61477701,Station Unknown,Unknown,207.9,9.509966666666656,‚ö†Ô∏è Expensive,Neutral,-27.603381,152.761975,0.453
61477707,Station Unknown,Unknown,206.4,8.009966666666656,‚ùå Rip-off Zone,üî¥ Hot Spot (High-High),-27.076328,152.928023,0.011
61477709,Station Unknown,Unknown,205.4,7.0099666666666565,‚ùå Rip-off Zone,üî¥ Hot Spot (High-High),-27.326447,152.974796,0.036
61477716,Station Unknown,Unknown,194.9,-3.4900333333333435,‚úÖ Great Value,Neutral,-27.620482,152.779606,0.434
61477718,Station Unknown,Unknown,201.5,3.109966666666651,‚ùå Rip-off Zone,üî¥ Hot Spot (High-High),-27.471719,153.110322,0.026
61477720,Station Unknown,Unknown,210.4,12.009966666666656,‚ö†Ô∏è Expensive,üü† Hot outlier (High-Low),-27.544513,153.039614,0.001
61477722,Station Unknown,Unknown,208.9,10.509966666666656,‚ö†Ô∏è Expensive,Neutral,-27.697954,153.039827,0.466
61477723,Station Unknown,Unknown,187.13333333333333,-11.256700000000023,‚úÖ Super Value,üü¢ Cold Spot (Low-Low),-27.569702,153.024658,0.001
61477731,Station Unknown,Unknown,193.9,-4.4900333333333435,‚úÖ Super Value,üü¢ Cold Spot (Low-Low),-27.593842,153.003908,0.001
61477733,Station Unknown,Unknown,204.23333333333335,5.843299999999999,‚ùå Rip-off Zone,üî¥ Hot Spot (High-High),-27.060554,152.957646,0.034
61477737,Station Unknown,Unknown,209.9,11.509966666666656,‚ùå Rip-off Zone,üî¥ Hot Spot (High-High),-27.153675,152.970824,0.002
61477738,Station Unknown,Unknown,206.5666666666667,8.176633333333342,‚ö†Ô∏è Expensive,Neutral,-27.402657,153.031179,0.09
61477739,Station Unknown,Unknown,204.0666666666667,5.676633333333342,‚ö†Ô∏è Expensive,Neutral,-27.613345,152.784396,0.306
61477740,Station Unknown,Unknown,206.4,8.009966666666656,‚ö†Ô∏è Expensive,Neutral,-27.260491,153.024233,0.089
61477741,Station Unknown,Unknown,207.5666666666667,9.176633333333342,‚ùå Rip-off Zone,üî¥ Hot Spot (High-High),-27.238573,153.008647,0.038
61477742,Station Unknown,Unknown,205.73333333333335,7.343299999999999,‚ö†Ô∏è Expensive,Neutral,-27.657134,152.778673,0.477
61477749,Station Unknown,Unknown,206.23333333333335,7.843299999999999,‚ùå Rip-off Zone,üî¥ Hot Spot (High-High),-27.077539,152.950377,0.019
61477751,Station Unknown,Unknown,206.4,8.009966666666656,‚ö†Ô∏è Expensive,Neutral,-27.467655,153.152472,0.273
61477752,Station Unknown,Unknown,207.0666666666667,8.676633333333342,‚ö†Ô∏è Expensive,Neutral,-27.696584,153.102784,0.445
61477754,Station Unknown,Unknown,207.0666666666667,8.676633333333342,‚ö†Ô∏è Expensive,Neutral,-27.608486,153.289542,0.363
61477755,Station Unknown,Unknown,193.23333333333335,-5.156700000000001,‚úÖ Super Value,üü¢ Cold Spot (Low-Low),-27.567265,153.024317,0.001
61477760,Station Unknown,Unknown,206.73333333333335,8.3433,‚ùå Rip-off Zone,üî¥ Hot Spot (High-High),-27.391023,152.972139,0.001
61477762,Station Unknown,Unknown,205.4,7.0099666666666565,‚ùå Rip-off Zone,üî¥ Hot Spot (High-High),-27.417095,152.982146,0.036
61477763,Station Unknown,Unknown,206.9,8.509966666666656,‚ö†Ô∏è Expensive,Neutral,-27.426788,153.001672,0.075
61477765,Station Unknown,Unknown,207.0666666666667,8.676633333333342,‚ùå Rip-off Zone,üî¥ Hot Spot (High-High),-27.641024743458107,152.8483229398117,0.017
61477767,Station Unknown,Unknown,206.5666666666667,8.176633333333342,‚ö†Ô∏è Expensive,Neutral,-27.328192,152.987104,0.08
61477775,Station Unknown,Unknown,206.5666666666667,8.176633333333342,‚ö†Ô∏è Expensive,Neutral,-27.202741,153.010792,0.066
61477776,Station Unknown,Unknown,166.83333333333334,-31.556700000000006,‚úÖ Super Value,üü¢ Cold Spot (Low-Low),-27.61827792410671,153.1060272625656,0.002
61477778,Station Unknown,Unknown,166.33333333333334,-32.056700000000006,‚úÖ Super Value,üü¢ Cold Spot (Low-Low),-27.561096,153.010123,0.001
61477779,Station Unknown,Unknown,205.23333333333335,6.843299999999999,‚ö†Ô∏è Expensive,Neutral,-27.621919,152.747585,0.386
61477780,Station Unknown,Unknown,209.9,11.509966666666656,‚ùå Rip-off Zone,üî¥ Hot Spot (High-High),-27.139707,152.982665,0.015
61477783,Station Unknown,Unknown,191.26666666666665,-7.123366666666698,‚úÖ Great Value,Neutral,-27.529372,153.196826,0.492
61477786,Station Unknown,Unknown,203.73333333333335,5.343299999999999,‚ùå Rip-off Zone,üî¥ Hot Spot (High-High),-27.251764,152.991435,0.025
61477787,Station Unknown,Unknown,206.5666666666667,8.176633333333342,‚ö†Ô∏è Expensive,Neutral,-27.397698,153.032006,0.207
61477855,Station Unknown,Unknown,203.5666666666667,5.176633333333342,‚ùå Rip-off Zone,üî¥ Hot Spot (High-High),-27.243654,153.025408,0.048
61477856,Station Unknown,Unknown,177.33333333333334,-21.056700000000006,‚úÖ Super Value,üü¢ Cold Spot (Low-Low),-27.368481,153.048696,0.042
61477877,Station Unknown,Unknown,207.0666666666667,8.676633333333342,‚ùå Rip-off Zone,üî¥ Hot Spot (High-High),-27.651963,152.921313,0.008
61477882,Station Unknown,Unknown,205.9,7.5099666666666565,‚ùå Rip-off Zone,üî¥ Hot Spot (High-High),-27.119833,152.955668,0.003
61477883,Station Unknown,Unknown,207.9,9.509966666666656,‚ö†Ô∏è Expensive,Neutral,-27.211363,153.046688,0.493
61477885,Station Unknown,Unknown,206.5666666666667,8.176633333333342,‚ö†Ô∏è Expensive,Neutral,-27.308062,152.989949,0.051
61477886,Station Unknown,Unknown,191.5,-6.890033333333349,‚úÖ Great Value,üîµ Cold outlier (Low-High),-27.254183,152.982414,0.008
61477890,Station Unknown,Unknown,198.4,0.009966666666656465,‚ö™ Fair Market,üü† Hot outlier (High-Low),-27.585578,153.103765,0.018
61477897,Station Unknown,Unknown,209.9,11.509966666666656,‚ö†Ô∏è Expensive,Neutral,-27.663668,153.034904,0.422
61477928,Station Unknown,Unknown,206.23333333333335,7.843299999999999,‚ùå Rip-off Zone,üî¥ Hot Spot (High-High),-27.086517,152.965723,0.017
61477934,Station Unknown,Unknown,209.73333333333335,11.3433,‚ùå Rip-off Zone,üî¥ Hot Spot (High-High),-27.42016890675928,152.94846237168883,0.006
61477936,Station Unknown,Unknown,207.73333333333335,9.3433,‚ùå Rip-off Zone,üî¥ Hot Spot (High-High),-27.589553,152.829909,0.042
61477937,Station Unknown,Unknown,159.73333333333332,-38.65670000000003,‚úÖ Great Value,Neutral,-27.487922,153.036159,0.123
61477940,Station Unknown,Unknown,193.26666666666665,-5.123366666666698,‚úÖ Super Value,üü¢ Cold Spot (Low-Low),-27.590552,153.065192,0.011
61477943,Station Unknown,Unknown,211.5666666666667,13.176633333333342,‚ö†Ô∏è Expensive,üü† Hot outlier (High-Low),-27.612414,152.987602,0.023
61477946,Station Unknown,Unknown,206.9,8.509966666666656,‚ö†Ô∏è Expensive,Neutral,-27.410275,153.072089,0.263
61477949,Station Unknown,Unknown,191.5666666666667,-6.823366666666658,‚úÖ Great Value,Neutral,-27.696955,153.013438,0.392
61477953,Station Unknown,Unknown,206.23333333333335,7.843299999999999,‚ùå Rip-off Zone,üî¥ Hot Spot (High-High),-27.088853,152.927838,0.005
61477956,Station Unknown,Unknown,196.83333333333334,-1.5567000000000064,‚ö™ Fair Market,üîµ Cold outlier (Low-High),-27.472766,153.114344,0.033
61477960,Station Unknown,Unknown,208.23333333333335,9.8433,‚ö†Ô∏è Expensive,Neutral,-27.698996,153.040984,0.473
61477962,Station Unknown,Unknown,207.0666666666667,8.676633333333342,‚ö†Ô∏è Expensive,Neutral,-27.637203,153.306042,0.451
61477963,Station Unknown,Unknown,205.23333333333335,6.843299999999999,‚ö†Ô∏è Expensive,Neutral,-27.474108,153.121802,0.063
61477971,Station Unknown,Unknown,205.4,7.0099666666666565,‚ùå Rip-off Zone,üî¥ Hot Spot (High-High),-27.593553,152.922853,0.048
61477972,Station Unknown,Unknown,173.5666666666667,-24.823366666666658,‚úÖ Great Value,Neutral,-27.572239,152.960523,0.419
61477974,Station Unknown,Unknown,208.4,10.009966666666656,‚ö†Ô∏è Expensive,Neutral,-27.688181,153.037662,0.476
61477979,Station Unknown,Unknown,206.0666666666667,7.676633333333342,‚ùå Rip-off Zone,üî¥ Hot Spot (High-High),-27.668754,152.842579,0.002
61477986,Station Unknown,Unknown,204.5666666666667,6.176633333333342,‚ùå Rip-off Zone,üî¥ Hot Spot (High-High),-27.456745,153.087078,0.015
61478004,Station Unknown,Unknown,175.9,-22.490033333333344,‚úÖ Great Value,Neutral,-27.242988,153.107046,0.059
61478011,Station Unknown,Unknown,187.5666666666667,-10.823366666666658,‚úÖ Great Value,Neutral,-27.676026,153.079144,0.13
61478018,Station Unknown,Unknown,202.4,4.0099666666666565,‚ùå Rip-off Zone,üî¥ Hot Spot (High-High),-27.109139,152.967497,0.002
61478027,Station Unknown,Unknown,201.4333333333333,3.0432999999999595,‚ùå Rip-off Zone,üî¥ Hot Spot (High-High),-27.104792,152.947002,0.005
61478030,Station Unknown,Unknown,205.23333333333335,6.843299999999999,‚ö†Ô∏è Expensive,Neutral,-27.573523,153.090669,0.121
61478041,Station Unknown,Unknown,189.71666666666667,-8.67336666666668,‚úÖ Super Value,üü¢ Cold Spot (Low-Low),-27.309904,153.025512,0.005
61478046,Station Unknown,Unknown,184.0,-14.39003333333335,‚úÖ Great Value,Neutral,-27.21651197626366,153.04596229926682,0.403
61478047,Station Unknown,Unknown,159.73333333333332,-38.65670000000003,‚úÖ Super Value,üü¢ Cold Spot (Low-Low),-27.52739717949918,153.02112599140165,0.001
61478057,Station Unknown,Unknown,202.4,4.0099666666666565,‚ö†Ô∏è Expensive,Neutral,-27.516123,153.181907,0.482
61478059,Station Unknown,Unknown,207.9,9.509966666666656,‚ö†Ô∏è Expensive,Neutral,-27.315004,152.966679,0.05
61478087,Station Unknown,Unknown,207.23333333333335,8.8433,‚ö†Ô∏è Expensive,Neutral,-27.69378632229072,153.07724963194656,0.117
61478089,Station Unknown,Unknown,197.4,-0.9900333333333435,‚ö™ Fair Market,Neutral,-27.488400458163543,153.04863777560195,0.167
61478093,Station Unknown,Unknown,175.23333333333335,-23.1567,‚úÖ Super Value,üü¢ Cold Spot (Low-Low),-27.07143526607884,153.13532772452643,0.003
61478106,Station Unknown,Unknown,205.73333333333335,7.343299999999999,‚ö†Ô∏è Expensive,Neutral,-27.670202149976504,153.20282614329264,0.464
61478112,Station Unknown,Unknown,198.9,0.5099666666666565,‚ö™ Fair Market,Neutral,-27.436792733114075,153.02339601223372,0.068
61478114,Station Unknown,Unknown,204.4,6.0099666666666565,‚ö†Ô∏è Expensive,Neutral,-27.53565350399373,153.07665807073778,0.145
61478193,Station Unknown,Unknown,204.0666666666667,5.676633333333342,‚ö†Ô∏è Expensive,Neutral,-27.391817254810277,153.07109543650816,0.306
61478198,Station Unknown,Unknown,205.0666666666667,6.676633333333342,‚ùå Rip-off Zone,üî¥ Hot Spot (High-High),-27.41471648666694,152.97730429677327,0.003
61478201,Station Unknown,Unknown,201.36666666666667,2.976633333333325,‚ùå Rip-off Zone,üî¥ Hot Spot (High-High),-27.09330237184169,152.94949876197776,0.013
61478213,Station Unknown,Unknown,181.83333333333334,-16.556700000000006,‚úÖ Super Value,üü¢ Cold Spot (Low-Low),-27.594301151904503,153.00589252347183,0.001
61478219,Station Unknown,Unknown,205.73333333333335,7.343299999999999,‚ùå Rip-off Zone,üî¥ Hot Spot (High-High),-27.096278400080852,152.9488247396431,0.019
61478220,Station Unknown,Unknown,209.9,11.509966666666656,‚ùå Rip-off Zone,üî¥ Hot Spot (High-High),-27.69132089938983,152.8031637374344,0.034
61478222,Station Unknown,Unknown,187.23333333333335,-11.1567,‚úÖ Super Value,üü¢ Cold Spot (Low-Low),-27.572149765742434,153.03519868684006,0.001
61478226,Station Unknown,Unknown,199.5666666666667,1.176633333333342,‚ö™ Fair Market,Neutral,-27.56659811542577,153.24974251182522,0.147
61478227,Station Unknown,Unknown,166.73333333333335,-31.6567,‚úÖ Super Value,üü¢ Cold Spot (Low-Low),-27.625835034179666,153.11769409325404,0.005
61478231,Station Unknown,Unknown,206.5666666666667,8.176633333333342,‚ö†Ô∏è Expensive,Neutral,-27.39863917071317,153.03197252883606,0.183
61478233,Station Unknown,Unknown,207.4,9.009966666666656,‚ö†Ô∏è Expensive,Neutral,-27.57247896542318,152.79030419172994,0.089
61478236,Station Unknown,Unknown,207.9,9.509966666666656,‚ö†Ô∏è Expensive,Neutral,-27.651243269301546,153.0758083748688,0.061
61478246,Station Unknown,Unknown,211.4,13.009966666666656,‚ùå Rip-off Zone,üî¥ Hot Spot (High-High),-27.225416496521763,152.9907472804582,0.026
61478248,Station Unknown,Unknown,205.9,7.5099666666666565,‚ùå Rip-off Zone,üî¥ Hot Spot (High-High),-27.675319041570603,152.83636513523064,0.004
61478249,Station Unknown,Unknown,204.0666666666667,5.676633333333342,‚ö†Ô∏è Expensive,Neutral,-27.59946027258888,152.9493657962952,0.407
61478257,Station Unknown,Unknown,210.4,12.009966666666656,‚ö†Ô∏è Expensive,Neutral,-27.672811401191908,152.7845945423279,0.33
61478283,Station Unknown,Unknown,202.5666666666667,4.176633333333342,‚ùå Rip-off Zone,üî¥ Hot Spot (High-High),-27.10930972378493,152.97310703367856,0.002
61478288,Station Unknown,Unknown,207.23333333333335,8.8433,‚ùå Rip-off Zone,üî¥ Hot Spot (High-High),-27.62425080880812,152.85782253032556,0.035
